"date","base_temp"
"1631/01",1
"1631/02",0
"1631/03",0
"1631/04",0
"1631/05",0
"1631/06",0
"1631/07",0
"1631/08",0
"1631/09",0
"1631/10",0
"1631/11",0
"1631/12",0
"1632/01",2
"1632/02",0
"1632/03",0
"1632/04",0
"1632/05",0
"1632/06",0
"1632/07",0
"1632/08",0
"1632/09",0
"1632/10",0
"1632/11",0
"1632/12",0
"1633/01",2
"1633/02",0
"1633/03",0
"1633/04",0
"1633/05",0
"1633/06",0
"1633/07",0
"1633/08",0
"1633/09",0
"1633/10",0
"1633/11",0
"1633/12",0
"1634/01",2
"1634/02",0
"1634/03",0
"1634/04",0
"1634/05",0
"1634/06",0
"1634/07",0
"1634/08",0
"1634/09",0
"1634/10",0
"1634/11",0
"1634/12",0
"1635/01",1
"1635/02",0
"1635/03",0
"1635/04",0
"1635/05",0
"1635/06",0
"1635/07",0
"1635/08",0
"1635/09",0
"1635/10",0
"1635/11",0
"1635/12",0
"1636/01",1
"1636/02",0
"1636/03",0
"1636/04",0
"1636/05",0
"1636/06",0
"1636/07",0
"1636/08",0
"1636/09",0
"1636/10",0
"1636/11",0
"1636/12",0
"1637/01",0
"1637/02",0
"1637/03",0
"1637/04",0
"1637/05",0
"1637/06",0
"1637/07",0
"1637/08",0
"1637/09",0
"1637/10",0
"1637/11",0
"1637/12",0
"1638/01",0
"1638/02",0
"1638/03",0
"1638/04",0
"1638/05",0
"1638/06",0
"1638/07",0
"1638/08",0
"1638/09",0
"1638/10",0
"1638/11",0
"1638/12",0
"1639/01",0
"1639/02",0
"1639/03",0
"1639/04",0
"1639/05",0
"1639/06",0
"1639/07",0
"1639/08",0
"1639/09",0
"1639/10",0
"1639/11",0
"1639/12",0
"1640/01",1
"1640/02",0
"1640/03",0
"1640/04",0
"1640/05",0
"1640/06",0
"1640/07",0
"1640/08",0
"1640/09",0
"1640/10",0
"1640/11",0
"1640/12",0
"1641/01",1
"1641/02",0
"1641/03",0
"1641/04",0
"1641/05",0
"1641/06",0
"1641/07",0
"1641/08",0
"1641/09",0
"1641/10",0
"1641/11",0
"1641/12",0
"1642/01",2
"1642/02",0
"1642/03",0
"1642/04",0
"1642/05",0
"1642/06",0
"1642/07",1
"1642/08",0
"1642/09",0
"1642/10",0
"1642/11",0
"1642/12",0
"1643/01",1
"1643/02",0
"1643/03",0
"1643/04",0
"1643/05",0
"1643/06",0
"1643/07",0
"1643/08",0
"1643/09",0
"1643/10",0
"1643/11",0
"1643/12",0
"1644/01",84
"1644/02",4
"1644/03",6
"1644/04",6
"1644/05",7
"1644/06",8
"1644/07",9
"1644/08",7
"1644/09",8
"1644/10",8
"1644/11",4
"1644/12",5
"1645/01",1
"1645/02",0
"1645/03",0
"1645/04",0
"1645/05",0
"1645/06",0
"1645/07",0
"1645/08",0
"1645/09",0
"1645/10",0
"1645/11",0
"1645/12",0
"1646/01",3
"1646/02",0
"1646/03",0
"1646/04",0
"1646/05",0
"1646/06",0
"1646/07",0
"1646/08",0
"1646/09",0
"1646/10",0
"1646/11",0
"1646/12",0
"1647/01",48
"1647/02",0
"1647/03",0
"1647/04",0
"1647/05",0
"1647/06",0
"1647/07",0
"1647/08",3
"1647/09",5
"1647/10",7
"1647/11",7
"1647/12",5
"1648/01",2
"1648/02",0
"1648/03",0
"1648/04",0
"1648/05",0
"1648/06",0
"1648/07",0
"1648/08",0
"1648/09",0
"1648/10",0
"1648/11",0
"1648/12",0
"1649/01",16
"1649/02",0
"1649/03",2
"1649/04",0
"1649/05",0
"1649/06",2
"1649/07",5
"1649/08",0
"1649/09",0
"1649/10",0
"1649/11",0
"1649/12",0
"1650/01",3
"1650/02",0
"1650/03",0
"1650/04",0
"1650/05",0
"1650/06",0
"1650/07",0
"1650/08",0
"1650/09",0
"1650/10",0
"1650/11",0
"1650/12",0
"1651/01",1
"1651/02",0
"1651/03",0
"1651/04",0
"1651/05",0
"1651/06",0
"1651/07",2
"1651/08",0
"1651/09",0
"1651/10",0
"1651/11",0
"1651/12",0
"1652/01",5
"1652/02",0
"1652/03",0
"1652/04",0
"1652/05",0
"1652/06",0
"1652/07",0
"1652/08",0
"1652/09",0
"1652/10",0
"1652/11",0
"1652/12",0
"1653/01",2
"1653/02",0
"1653/03",0
"1653/04",0
"1653/05",0
"1653/06",0
"1653/07",0
"1653/08",0
"1653/09",0
"1653/10",0
"1653/11",0
"1653/12",0
"1654/01",63
"1654/02",0
"1654/03",0
"1654/04",0
"1654/05",0
"1654/06",0
"1654/07",5
"1654/08",5
"1654/09",4
"1654/10",6
"1654/11",4
"1654/12",4
"1655/01",2
"1655/02",0
"1655/03",0
"1655/04",0
"1655/05",0
"1655/06",0
"1655/07",0
"1655/08",0
"1655/09",0
"1655/10",0
"1655/11",0
"1655/12",0
"1656/01",53
"1656/02",0
"1656/03",0
"1656/04",0
"1656/05",0
"1656/06",0
"1656/07",5
"1656/08",6
"1656/09",6
"1656/10",6
"1656/11",4
"1656/12",9
"1657/01",1
"1657/02",0
"1657/03",0
"1657/04",0
"1657/05",0
"1657/06",0
"1657/07",1
"1657/08",0
"1657/09",0
"1657/10",0
"1657/11",0
"1657/12",0
"1658/01",2
"1658/02",0
"1658/03",0
"1658/04",0
"1658/05",0
"1658/06",0
"1658/07",0
"1658/08",0
"1658/09",0
"1658/10",0
"1658/11",0
"1658/12",0
"1659/01",2
"1659/02",0
"1659/03",0
"1659/04",0
"1659/05",0
"1659/06",0
"1659/07",0
"1659/08",0
"1659/09",0
"1659/10",0
"1659/11",0
"1659/12",0
"1660/01",1
"1660/02",0
"1660/03",0
"1660/04",0
"1660/05",0
"1660/06",0
"1660/07",0
"1660/08",0
"1660/09",0
"1660/10",0
"1660/11",0
"1660/12",0
"1661/01",1
"1661/02",0
"1661/03",0
"1661/04",0
"1661/05",0
"1661/06",0
"1661/07",1
"1661/08",0
"1661/09",0
"1661/10",0
"1661/11",0
"1661/12",0
"1662/01",36
"1662/02",0
"1662/03",0
"1662/04",0
"1662/05",0
"1662/06",0
"1662/07",4
"1662/08",8
"1662/09",9
"1662/10",7
"1662/11",5
"1662/12",6
"1663/01",1
"1663/02",0
"1663/03",0
"1663/04",0
"1663/05",0
"1663/06",0
"1663/07",1
"1663/08",0
"1663/09",0
"1663/10",0
"1663/11",0
"1663/12",0
"1664/01",2
"1664/02",0
"1664/03",0
"1664/04",0
"1664/05",0
"1664/06",0
"1664/07",0
"1664/08",0
"1664/09",0
"1664/10",0
"1664/11",0
"1664/12",0
"1665/01",2
"1665/02",0
"1665/03",0
"1665/04",0
"1665/05",0
"1665/06",0
"1665/07",0
"1665/08",0
"1665/09",0
"1665/10",0
"1665/11",0
"1665/12",0
"1666/01",4
"1666/02",0
"1666/03",0
"1666/04",0
"1666/05",0
"1666/06",0
"1666/07",0
"1666/08",0
"1666/09",0
"1666/10",0
"1666/11",0
"1666/12",0
"1667/01",57
"1667/02",0
"1667/03",0
"1667/04",0
"1667/05",0
"1667/06",2
"1667/07",6
"1667/08",4
"1667/09",4
"1667/10",6
"1667/11",4
"1667/12",8
"1668/01",4
"1668/02",0
"1668/03",0
"1668/04",0
"1668/05",0
"1668/06",0
"1668/07",2
"1668/08",0
"1668/09",0
"1668/10",0
"1668/11",0
"1668/12",0
"1669/01",52
"1669/02",5
"1669/03",6
"1669/04",5
"1669/05",6
"1669/06",7
"1669/07",1
"1669/08",0
"1669/09",0
"1669/10",0
"1669/11",0
"1669/12",0
"1670/01",2
"1670/02",0
"1670/03",0
"1670/04",0
"1670/05",0
"1670/06",0
"1670/07",0
"1670/08",0
"1670/09",0
"1670/10",0
"1670/11",0
"1670/12",0
"1671/01",2
"1671/02",0
"1671/03",0
"1671/04",0
"1671/05",0
"1671/06",0
"1671/07",1
"1671/08",0
"1671/09",0
"1671/10",0
"1671/11",0
"1671/12",0
"1672/01",58
"1672/02",0
"1672/03",0
"1672/04",0
"1672/05",0
"1672/06",0
"1672/07",5
"1672/08",4
"1672/09",4
"1672/10",5
"1672/11",4
"1672/12",5
"1673/01",1
"1673/02",0
"1673/03",0
"1673/04",0
"1673/05",0
"1673/06",0
"1673/07",0
"1673/08",0
"1673/09",0
"1673/10",0
"1673/11",0
"1673/12",0
"1674/01",38
"1674/02",0
"1674/03",0
"1674/04",0
"1674/05",0
"1674/06",0
"1674/07",3
"1674/08",4
"1674/09",5
"1674/10",4
"1674/11",4
"1674/12",5
"1675/01",79
"1675/02",4
"1675/03",5
"1675/04",4
"1675/05",4
"1675/06",5
"1675/07",4
"1675/08",5
"1675/09",4
"1675/10",4
"1675/11",5
"1675/12",4
"1676/01",68
"1676/02",5
"1676/03",4
"1676/04",4
"1676/05",5
"1676/06",4
"1676/07",4
"1676/08",5
"1676/09",4
"1676/10",5
"1676/11",4
"1676/12",4
"1677/01",2
"1677/02",0
"1677/03",0
"1677/04",0
"1677/05",0
"1677/06",0
"1677/07",0
"1677/08",0
"1677/09",0
"1677/10",0
"1677/11",0
"1677/12",0
"1678/01",8
"1678/02",0
"1678/03",0
"1678/04",0
"1678/05",0
"1678/06",0
"1678/07",0
"1678/08",0
"1678/09",0
"1678/10",0
"1678/11",0
"1678/12",0
"1679/01",18
"1679/02",0
"1679/03",0
"1679/04",0
"1679/05",0
"1679/06",0
"1679/07",0
"1679/08",0
"1679/09",0
"1679/10",0
"1679/11",0
"1679/12",0
"1680/01",17
"1680/02",0
"1680/03",0
"1680/04",0
"1680/05",0
"1680/06",0
"1680/07",0
"1680/08",0
"1680/09",0
"1680/10",0
"1680/11",0
"1680/12",0
"1681/01",15
"1681/02",0
"1681/03",0
"1681/04",0
"1681/05",0
"1681/06",0
"1681/07",0
"1681/08",0
"1681/09",0
"1681/10",0
"1681/11",0
"1681/12",0
"1682/01",13
"1682/02",0
"1682/03",0
"1682/04",0
"1682/05",0
"1682/06",0
"1682/07",0
"1682/08",0
"1682/09",0
"1682/10",0
"1682/11",0
"1682/12",0
"1683/01",14
"1683/02",0
"1683/03",0
"1683/04",0
"1683/05",0
"1683/06",0
"1683/07",0
"1683/08",0
"1683/09",0
"1683/10",0
"1683/11",0
"1683/12",0
"1684/01",13
"1684/02",0
"1684/03",0
"1684/04",0
"1684/05",0
"1684/06",0
"1684/07",0
"1684/08",0
"1684/09",0
"1684/10",0
"1684/11",0
"1684/12",0
"1685/01",14
"1685/02",0
"1685/03",0
"1685/04",0
"1685/05",0
"1685/06",0
"1685/07",0
"1685/08",0
"1685/09",0
"1685/10",0
"1685/11",0
"1685/12",0
"1686/01",16
"1686/02",0
"1686/03",0
"1686/04",0
"1686/05",0
"1686/06",0
"1686/07",0
"1686/08",0
"1686/09",0
"1686/10",0
"1686/11",0
"1686/12",0
"1687/01",15
"1687/02",0
"1687/03",0
"1687/04",0
"1687/05",0
"1687/06",0
"1687/07",0
"1687/08",0
"1687/09",0
"1687/10",0
"1687/11",0
"1687/12",0
"1688/01",16
"1688/02",0
"1688/03",0
"1688/04",0
"1688/05",0
"1688/06",0
"1688/07",0
"1688/08",0
"1688/09",0
"1688/10",0
"1688/11",0
"1688/12",0
"1689/01",27
"1689/02",4
"1689/03",4
"1689/04",5
"1689/05",4
"1689/06",4
"1689/07",5
"1689/08",4
"1689/09",4
"1689/10",5
"1689/11",4
"1689/12",5
"1690/01",14
"1690/02",0
"1690/03",0
"1690/04",0
"1690/05",0
"1690/06",0
"1690/07",0
"1690/08",0
"1690/09",0
"1690/10",0
"1690/11",0
"1690/12",0
"1691/01",15
"1691/02",0
"1691/03",0
"1691/04",0
"1691/05",0
"1691/06",0
"1691/07",0
"1691/08",0
"1691/09",0
"1691/10",0
"1691/11",0
"1691/12",0
"1692/01",15
"1692/02",0
"1692/03",0
"1692/04",0
"1692/05",0
"1692/06",0
"1692/07",0
"1692/08",0
"1692/09",0
"1692/10",0
"1692/11",0
"1692/12",0
"1693/01",14
"1693/02",0
"1693/03",0
"1693/04",0
"1693/05",0
"1693/06",0
"1693/07",0
"1693/08",0
"1693/09",0
"1693/10",0
"1693/11",0
"1693/12",0
"1694/01",14
"1694/02",0
"1694/03",0
"1694/04",0
"1694/05",0
"1694/06",0
"1694/07",0
"1694/08",0
"1694/09",0
"1694/10",0
"1694/11",0
"1694/12",0
"1695/01",19
"1695/02",4
"1695/03",4
"1695/04",5
"1695/05",4
"1695/06",4
"1695/07",5
"1695/08",4
"1695/09",4
"1695/10",5
"1695/11",4
"1695/12",5
"1696/01",18
"1696/02",0
"1696/03",0
"1696/04",0
"1696/05",0
"1696/06",0
"1696/07",0
"1696/08",0
"1696/09",0
"1696/10",0
"1696/11",0
"1696/12",0
"1697/01",24
"1697/02",9
"1697/03",18
"1697/04",17
"1697/05",17
"1697/06",18
"1697/07",17
"1697/08",19
"1697/09",17
"1697/10",19
"1697/11",18
"1697/12",15
"1698/01",30
"1698/02",8
"1698/03",9
"1698/04",7
"1698/05",9
"1698/06",9
"1698/07",9
"1698/08",8
"1698/09",9
"1698/10",9
"1698/11",8
"1698/12",9
"1699/01",23
"1699/02",0
"1699/03",0
"1699/04",0
"1699/05",0
"1699/06",0
"1699/07",0
"1699/08",0
"1699/09",0
"1699/10",0
"1699/11",0
"1699/12",0
"1700/01",31
"1700/02",0
"1700/03",0
"1700/04",0
"1700/05",0
"1700/06",0
"1700/07",0
"1700/08",0
"1700/09",0
"1700/10",0
"1700/11",0
"1700/12",0
"1701/01",30
"1701/02",0
"1701/03",0
"1701/04",0
"1701/05",0
"1701/06",0
"1701/07",0
"1701/08",0
"1701/09",0
"1701/10",0
"1701/11",0
"1701/12",0
"1702/01",30
"1702/02",0
"1702/03",0
"1702/04",0
"1702/05",0
"1702/06",0
"1702/07",0
"1702/08",0
"1702/09",0
"1702/10",0
"1702/11",0
"1702/12",0
"1703/01",27
"1703/02",0
"1703/03",0
"1703/04",0
"1703/05",0
"1703/06",0
"1703/07",0
"1703/08",0
"1703/09",0
"1703/10",0
"1703/11",0
"1703/12",0
"1704/01",30
"1704/02",0
"1704/03",0
"1704/04",0
"1704/05",0
"1704/06",0
"1704/07",1
"1704/08",0
"1704/09",0
"1704/10",0
"1704/11",0
"1704/12",0
"1705/01",28
"1705/02",0
"1705/03",0
"1705/04",0
"1705/05",0
"1705/06",0
"1705/07",0
"1705/08",0
"1705/09",0
"1705/10",0
"1705/11",0
"1705/12",0
"1706/01",28
"1706/02",0
"1706/03",0
"1706/04",0
"1706/05",0
"1706/06",0
"1706/07",0
"1706/08",0
"1706/09",0
"1706/10",0
"1706/11",0
"1706/12",0
"1707/01",19
"1707/02",0
"1707/03",0
"1707/04",0
"1707/05",1
"1707/06",0
"1707/07",0
"1707/08",0
"1707/09",0
"1707/10",0
"1707/11",0
"1707/12",0
"1708/01",22
"1708/02",0
"1708/03",0
"1708/04",0
"1708/05",0
"1708/06",0
"1708/07",0
"1708/08",0
"1708/09",0
"1708/10",0
"1708/11",0
"1708/12",0
"1709/01",28
"1709/02",8
"1709/03",8
"1709/04",9
"1709/05",9
"1709/06",8
"1709/07",7
"1709/08",9
"1709/09",9
"1709/10",9
"1709/11",8
"1709/12",9
"1710/01",28
"1710/02",8
"1710/03",9
"1710/04",4
"1710/05",0
"1710/06",0
"1710/07",0
"1710/08",0
"1710/09",0
"1710/10",0
"1710/11",0
"1710/12",1
"1711/01",25
"1711/02",8
"1711/03",9
"1711/04",9
"1711/05",8
"1711/06",9
"1711/07",9
"1711/08",9
"1711/09",8
"1711/10",9
"1711/11",9
"1711/12",9
"1712/01",25
"1712/02",13
"1712/03",13
"1712/04",13
"1712/05",12
"1712/06",13
"1712/07",12
"1712/08",4
"1712/09",4
"1712/10",14
"1712/11",12
"1712/12",13
"1713/01",25
"1713/02",8
"1713/03",8
"1713/04",7
"1713/05",9
"1713/06",1
"1713/07",0
"1713/08",0
"1713/09",0
"1713/10",0
"1713/11",0
"1713/12",0
"1714/01",20
"1714/02",4
"1714/03",5
"1714/04",4
"1714/05",4
"1714/06",5
"1714/07",6
"1714/08",13
"1714/09",12
"1714/10",13
"1714/11",13
"1714/12",14
"1715/01",29
"1715/02",8
"1715/03",8
"1715/04",8
"1715/05",9
"1715/06",8
"1715/07",9
"1715/08",9
"1715/09",9
"1715/10",9
"1715/11",7
"1715/12",3
"1716/01",27
"1716/02",6
"1716/03",9
"1716/04",9
"1716/05",7
"1716/06",9
"1716/07",9
"1716/08",9
"1716/09",8
"1716/10",9
"1716/11",9
"1716/12",9
"1717/01",46
"1717/02",7
"1717/03",9
"1717/04",9
"1717/05",9
"1717/06",8
"1717/07",9
"1717/08",8
"1717/09",9
"1717/10",7
"1717/11",9
"1717/12",9
"1718/01",46
"1718/02",8
"1718/03",9
"1718/04",8
"1718/05",9
"1718/06",9
"1718/07",8
"1718/08",9
"1718/09",9
"1718/10",8
"1718/11",8
"1718/12",8
"1719/01",44
"1719/02",7
"1719/03",9
"1719/04",8
"1719/05",9
"1719/06",9
"1719/07",9
"1719/08",9
"1719/09",8
"1719/10",9
"1719/11",9
"1719/12",8
"1720/01",44
"1720/02",9
"1720/03",8
"1720/04",9
"1720/05",9
"1720/06",8
"1720/07",9
"1720/08",8
"1720/09",9
"1720/10",8
"1720/11",8
"1720/12",8
"1721/01",54
"1721/02",12
"1721/03",14
"1721/04",12
"1721/05",14
"1721/06",13
"1721/07",12
"1721/08",13
"1721/09",13
"1721/10",14
"1721/11",11
"1721/12",12
"1722/01",41
"1722/02",11
"1722/03",13
"1722/04",13
"1722/05",13
"1722/06",12
"1722/07",12
"1722/08",14
"1722/09",12
"1722/10",13
"1722/11",13
"1722/12",13
"1723/01",37
"1723/02",8
"1723/03",9
"1723/04",9
"1723/05",9
"1723/06",8
"1723/07",9
"1723/08",9
"1723/09",8
"1723/10",15
"1723/11",9
"1723/12",9
"1724/01",50
"1724/02",7
"1724/03",9
"1724/04",1
"1724/05",2
"1724/06",5
"1724/07",9
"1724/08",9
"1724/09",8
"1724/10",9
"1724/11",9
"1724/12",8
"1725/01",45
"1725/02",4
"1725/03",5
"1725/04",4
"1725/05",0
"1725/06",0
"1725/07",0
"1725/08",0
"1725/09",0
"1725/10",0
"1725/11",0
"1725/12",0
"1726/01",41
"1726/02",0
"1726/03",0
"1726/04",0
"1726/05",0
"1726/06",0
"1726/07",0
"1726/08",0
"1726/09",0
"1726/10",0
"1726/11",0
"1726/12",0
"1727/01",32
"1727/02",0
"1727/03",0
"1727/04",0
"1727/05",0
"1727/06",0
"1727/07",0
"1727/08",0
"1727/09",0
"1727/10",0
"1727/11",0
"1727/12",0
"1728/01",37
"1728/02",0
"1728/03",0
"1728/04",0
"1728/05",0
"1728/06",0
"1728/07",0
"1728/08",0
"1728/09",0
"1728/10",0
"1728/11",0
"1728/12",0
"1729/01",31
"1729/02",0
"1729/03",0
"1729/04",0
"1729/05",0
"1729/06",0
"1729/07",0
"1729/08",0
"1729/09",0
"1729/10",0
"1729/11",0
"1729/12",0
"1730/01",29
"1730/02",0
"1730/03",0
"1730/04",0
"1730/05",0
"1730/06",0
"1730/07",0
"1730/08",0
"1730/09",0
"1730/10",0
"1730/11",0
"1730/12",0
"1731/01",32
"1731/02",0
"1731/03",0
"1731/04",0
"1731/05",0
"1731/06",0
"1731/07",0
"1731/08",0
"1731/09",0
"1731/10",0
"1731/11",0
"1731/12",0
"1732/01",31
"1732/02",0
"1732/03",0
"1732/04",0
"1732/05",0
"1732/06",0
"1732/07",0
"1732/08",0
"1732/09",0
"1732/10",0
"1732/11",0
"1732/12",0
"1733/01",36
"1733/02",0
"1733/03",0
"1733/04",0
"1733/05",0
"1733/06",1
"1733/07",0
"1733/08",0
"1733/09",0
"1733/10",0
"1733/11",0
"1733/12",0
"1734/01",36
"1734/02",2
"1734/03",3
"1734/04",3
"1734/05",3
"1734/06",4
"1734/07",4
"1734/08",3
"1734/09",5
"1734/10",3
"1734/11",5
"1734/12",4
"1735/01",89
"1735/02",8
"1735/03",8
"1735/04",9
"1735/05",8
"1735/06",8
"1735/07",9
"1735/08",8
"1735/09",8
"1735/10",9
"1735/11",8
"1735/12",9
"1736/01",76
"1736/02",4
"1736/03",4
"1736/04",4
"1736/05",3
"1736/06",4
"1736/07",4
"1736/08",4
"1736/09",4
"1736/10",4
"1736/11",4
"1736/12",0
"1737/01",133
"1737/02",4
"1737/03",4
"1737/04",3
"1737/05",4
"1737/06",4
"1737/07",4
"1737/08",4
"1737/09",3
"1737/10",0
"1737/11",0
"1737/12",0
"1738/01",113
"1738/02",4
"1738/03",4
"1738/04",4
"1738/05",4
"1738/06",5
"1738/07",4
"1738/08",4
"1738/09",4
"1738/10",4
"1738/11",4
"1738/12",5
"1739/01",119
"1739/02",4
"1739/03",5
"1739/04",4
"1739/05",4
"1739/06",5
"1739/07",4
"1739/08",5
"1739/09",4
"1739/10",4
"1739/11",5
"1739/12",4
"1740/01",82
"1740/02",5
"1740/03",4
"1740/04",4
"1740/05",5
"1740/06",4
"1740/07",4
"1740/08",5
"1740/09",4
"1740/10",5
"1740/11",4
"1740/12",4
"1741/01",105
"1741/02",8
"1741/03",8
"1741/04",9
"1741/05",9
"1741/06",9
"1741/07",10
"1741/08",8
"1741/09",9
"1741/10",9
"1741/11",9
"1741/12",10
"1742/01",96
"1742/02",3
"1742/03",3
"1742/04",5
"1742/05",4
"1742/06",4
"1742/07",5
"1742/08",5
"1742/09",4
"1742/10",5
"1742/11",4
"1742/12",6
"1743/01",74
"1743/02",5
"1743/03",4
"1743/04",6
"1743/05",4
"1743/06",4
"1743/07",6
"1743/08",4
"1743/09",5
"1743/10",4
"1743/11",4
"1743/12",6
"1744/01",39
"1744/02",9
"1744/03",10
"1744/04",8
"1744/05",9
"1744/06",9
"1744/07",9
"1744/08",10
"1744/09",8
"1744/10",9
"1744/11",10
"1744/12",6
"1745/01",35
"1745/02",4
"1745/03",6
"1745/04",4
"1745/05",4
"1745/06",5
"1745/07",4
"1745/08",5
"1745/09",4
"1745/10",0
"1745/11",0
"1745/12",1
"1746/01",46
"1746/02",12
"1746/03",14
"1746/04",11
"1746/05",13
"1746/06",13
"1746/07",12
"1746/08",14
"1746/09",13
"1746/10",13
"1746/11",12
"1746/12",12
"1747/01",51
"1747/02",16
"1747/03",17
"1747/04",16
"1747/05",17
"1747/06",17
"1747/07",18
"1747/08",18
"1747/09",17
"1747/10",18
"1747/11",16
"1747/12",16
"1748/01",52
"1748/02",13
"1748/03",12
"1748/04",13
"1748/05",14
"1748/06",10
"1748/07",13
"1748/08",13
"1748/09",13
"1748/10",13
"1748/11",12
"1748/12",10
"1749/01",41
"1749/02",12
"1749/03",14
"1749/04",11
"1749/05",14
"1749/06",13
"1749/07",13
"1749/08",12
"1749/09",13
"1749/10",13
"1749/11",11
"1749/12",12
"1750/01",43
"1750/02",8
"1750/03",9
"1750/04",9
"1750/05",8
"1750/06",9
"1750/07",9
"1750/08",9
"1750/09",8
"1750/10",9
"1750/11",8
"1750/12",8
"1751/01",32
"1751/02",0
"1751/03",0
"1751/04",0
"1751/05",0
"1751/06",0
"1751/07",0
"1751/08",0
"1751/09",0
"1751/10",0
"1751/11",0
"1751/12",0
"1752/01",46
"1752/02",13
"1752/03",13
"1752/04",12
"1752/05",18
"1752/06",17
"1752/07",17
"1752/08",18
"1752/09",18
"1752/10",17
"1752/11",17
"1752/12",18
"1753/01",49
"1753/02",8
"1753/03",9
"1753/04",8
"1753/05",9
"1753/06",9
"1753/07",8
"1753/08",9
"1753/09",9
"1753/10",9
"1753/11",8
"1753/12",9
"1754/01",59
"1754/02",4
"1754/03",4
"1754/04",4
"1754/05",5
"1754/06",4
"1754/07",5
"1754/08",4
"1754/09",4
"1754/10",5
"1754/11",4
"1754/12",4
"1755/01",58
"1755/02",0
"1755/03",0
"1755/04",0
"1755/05",0
"1755/06",0
"1755/07",1
"1755/08",0
"1755/09",2
"1755/10",2
"1755/11",3
"1755/12",2
"1756/01",67
"1756/02",1
"1756/03",0
"1756/04",0
"1756/05",1
"1756/06",0
"1756/07",1
"1756/08",1
"1756/09",2
"1756/10",1
"1756/11",1
"1756/12",1
"1757/01",64
"1757/02",9
"1757/03",10
"1757/04",13
"1757/05",9
"1757/06",9
"1757/07",12
"1757/08",10
"1757/09",10
"1757/10",12
"1757/11",9
"1757/12",11
"1758/01",54
"1758/02",2
"1758/03",1
"1758/04",1
"1758/05",1
"1758/06",0
"1758/07",1
"1758/08",1
"1758/09",3
"1758/10",1
"1758/11",1
"1758/12",0
"1759/01",45
"1759/02",1
"1759/03",1
"1759/04",0
"1759/05",0
"1759/06",1
"1759/07",0
"1759/08",2
"1759/09",0
"1759/10",0
"1759/11",1
"1759/12",0
"1760/01",132
"1760/02",4
"1760/03",6
"1760/04",4
"1760/05",5
"1760/06",5
"1760/07",4
"1760/08",5
"1760/09",5
"1760/10",4
"1760/11",5
"1760/12",4
"1761/01",75
"1761/02",8
"1761/03",9
"1761/04",9
"1761/05",8
"1761/06",9
"1761/07",9
"1761/08",8
"1761/09",5
"1761/10",5
"1761/11",4
"1761/12",4
"1762/01",68
"1762/02",13
"1762/03",14
"1762/04",13
"1762/05",13
"1762/06",13
"1762/07",13
"1762/08",13
"1762/09",13
"1762/10",13
"1762/11",13
"1762/12",13
"1763/01",50
"1763/02",16
"1763/03",17
"1763/04",41
"1763/05",38
"1763/06",39
"1763/07",40
"1763/08",39
"1763/09",37
"1763/10",41
"1763/11",39
"1763/12",40
"1764/01",49
"1764/02",24
"1764/03",28
"1764/04",25
"1764/05",26
"1764/06",28
"1764/07",27
"1764/08",25
"1764/09",27
"1764/10",27
"1764/11",25
"1764/12",28
"1765/01",59
"1765/02",26
"1765/03",31
"1765/04",32
"1765/05",29
"1765/06",31
"1765/07",32
"1765/08",31
"1765/09",30
"1765/10",30
"1765/11",31
"1765/12",31
"1766/01",58
"1766/02",27
"1766/03",31
"1766/04",30
"1766/05",31
"1766/06",29
"1766/07",26
"1766/08",27
"1766/09",27
"1766/10",25
"1766/11",26
"1766/12",27
"1767/01",66
"1767/02",24
"1767/03",27
"1767/04",24
"1767/05",27
"1767/06",27
"1767/07",25
"1767/08",27
"1767/09",26
"1767/10",27
"1767/11",25
"1767/12",26
"1768/01",62
"1768/02",25
"1768/03",26
"1768/04",27
"1768/05",27
"1768/06",24
"1768/07",27
"1768/08",27
"1768/09",25
"1768/10",27
"1768/11",26
"1768/12",27
"1769/01",66
"1769/02",24
"1769/03",25
"1769/04",26
"1769/05",27
"1769/06",25
"1769/07",27
"1769/08",26
"1769/09",27
"1769/10",27
"1769/11",24
"1769/12",27
"1770/01",75
"1770/02",28
"1770/03",31
"1770/04",30
"1770/05",30
"1770/06",30
"1770/07",33
"1770/08",29
"1770/09",29
"1770/10",32
"1770/11",29
"1770/12",32
"1771/01",76
"1771/02",28
"1771/03",31
"1771/04",32
"1771/05",29
"1771/06",30
"1771/07",32
"1771/08",31
"1771/09",30
"1771/10",30
"1771/11",31
"1771/12",32
"1772/01",63
"1772/02",22
"1772/03",23
"1772/04",20
"1772/05",22
"1772/06",23
"1772/07",20
"1772/08",23
"1772/09",22
"1772/10",22
"1772/11",21
"1772/12",22
"1773/01",107
"1773/02",33
"1773/03",35
"1773/04",34
"1773/05",36
"1773/06",34
"1773/07",37
"1773/08",36
"1773/09",33
"1773/10",35
"1773/11",37
"1773/12",34
"1774/01",187
"1774/02",40
"1774/03",44
"1774/04",43
"1774/05",45
"1774/06",42
"1774/07",42
"1774/08",44
"1774/09",43
"1774/10",45
"1774/11",41
"1774/12",44
"1775/01",93
"1775/02",42
"1775/03",45
"1775/04",46
"1775/05",49
"1775/06",50
"1775/07",52
"1775/08",52
"1775/09",50
"1775/10",53
"1775/11",49
"1775/12",50
"1776/01",87
"1776/02",33
"1776/03",35
"1776/04",36
"1776/05",34
"1776/06",34
"1776/07",36
"1776/08",36
"1776/09",34
"1776/10",38
"1776/11",38
"1776/12",39
"1777/01",207
"1777/02",56
"1777/03",62
"1777/04",62
"1777/05",64
"1777/06",60
"1777/07",64
"1777/08",63
"1777/09",63
"1777/10",64
"1777/11",61
"1777/12",65
"1778/01",105
"1778/02",66
"1778/03",73
"1778/04",73
"1778/05",76
"1778/06",74
"1778/07",73
"1778/08",74
"1778/09",72
"1778/10",72
"1778/11",71
"1778/12",75
"1779/01",103
"1779/02",67
"1779/03",79
"1779/04",79
"1779/05",76
"1779/06",80
"1779/07",79
"1779/08",80
"1779/09",72
"1779/10",75
"1779/11",75
"1779/12",78
"1780/01",107
"1780/02",68
"1780/03",66
"1780/04",64
"1780/05",67
"1780/06",64
"1780/07",66
"1780/08",67
"1780/09",65
"1780/10",66
"1780/11",64
"1780/12",66
"1781/01",109
"1781/02",63
"1781/03",72
"1781/04",67
"1781/05",71
"1781/06",72
"1781/07",71
"1781/08",69
"1781/09",69
"1781/10",71
"1781/11",68
"1781/12",68
"1782/01",96
"1782/02",47
"1782/03",51
"1782/04",51
"1782/05",52
"1782/06",52
"1782/07",54
"1782/08",47
"1782/09",48
"1782/10",46
"1782/11",52
"1782/12",53
"1783/01",102
"1783/02",58
"1783/03",66
"1783/04",65
"1783/05",66
"1783/06",61
"1783/07",66
"1783/08",67
"1783/09",66
"1783/10",64
"1783/11",65
"1783/12",57
"1784/01",66
"1784/02",45
"1784/03",49
"1784/04",47
"1784/05",49
"1784/06",47
"1784/07",50
"1784/08",49
"1784/09",47
"1784/10",48
"1784/11",44
"1784/12",41
"1785/01",70
"1785/02",46
"1785/03",52
"1785/04",51
"1785/05",50
"1785/06",48
"1785/07",50
"1785/08",51
"1785/09",48
"1785/10",50
"1785/11",47
"1785/12",49
"1786/01",79
"1786/02",46
"1786/03",50
"1786/04",49
"1786/05",53
"1786/06",51
"1786/07",54
"1786/08",52
"1786/09",50
"1786/10",51
"1786/11",48
"1786/12",51
"1787/01",112
"1787/02",50
"1787/03",52
"1787/04",49
"1787/05",50
"1787/06",51
"1787/07",51
"1787/08",49
"1787/09",49
"1787/10",51
"1787/11",51
"1787/12",58
"1788/01",93
"1788/02",59
"1788/03",62
"1788/04",62
"1788/05",68
"1788/06",66
"1788/07",66
"1788/08",67
"1788/09",67
"1788/10",68
"1788/11",62
"1788/12",58
"1789/01",140
"1789/02",77
"1789/03",87
"1789/04",85
"1789/05",106
"1789/06",119
"1789/07",247
"1789/08",281
"1789/09",268
"1789/10",342
"1789/11",307
"1789/12",378
"1790/01",448
"1790/02",288
"1790/03",314
"1790/04",337
"1790/05",336
"1790/06",337
"1790/07",388
"1790/08",397
"1790/09",382
"1790/10",409
"1790/11",387
"1790/12",405
"1791/01",1020
"1791/02",404
"1791/03",481
"1791/04",458
"1791/05",481
"1791/06",453
"1791/07",457
"1791/08",477
"1791/09",518
"1791/10",450
"1791/11",413
"1791/12",429
"1792/01",484
"1792/02",405
"1792/03",432
"1792/04",410
"1792/05",452
"1792/06",433
"1792/07",490
"1792/08",310
"1792/09",243
"1792/10",299
"1792/11",331
"1792/12",402
"1793/01",505
"1793/02",429
"1793/03",460
"1793/04",404
"1793/05",337
"1793/06",287
"1793/07",323
"1793/08",327
"1793/09",296
"1793/10",275
"1793/11",268
"1793/12",293
"1794/01",471
"1794/02",278
"1794/03",323
"1794/04",311
"1794/05",323
"1794/06",312
"1794/07",316
"1794/08",293
"1794/09",276
"1794/10",280
"1794/11",260
"1794/12",260
"1795/01",238
"1795/02",168
"1795/03",180
"1795/04",178
"1795/05",156
"1795/06",145
"1795/07",170
"1795/08",179
"1795/09",230
"1795/10",298
"1795/11",296
"1795/12",339
"1796/01",361
"1796/02",311
"1796/03",315
"1796/04",317
"1796/05",331
"1796/06",286
"1796/07",283
"1796/08",290
"1796/09",274
"1796/10",262
"1796/11",255
"1796/12",259
"1797/01",363
"1797/02",276
"1797/03",328
"1797/04",352
"1797/05",388
"1797/06",381
"1797/07",399
"1797/08",418
"1797/09",282
"1797/10",274
"1797/11",265
"1797/12",267
"1798/01",331
"1798/02",247
"1798/03",272
"1798/04",240
"1798/05",233
"1798/06",235
"1798/07",255
"1798/08",258
"1798/09",266
"1798/10",259
"1798/11",246
"1798/12",233
"1799/01",363
"1799/02",205
"1799/03",216
"1799/04",191
"1799/05",203
"1799/06",206
"1799/07",242
"1799/08",239
"1799/09",227
"1799/10",228
"1799/11",217
"1799/12",227
"1800/01",352
"1800/02",210
"1800/03",218
"1800/04",189
"1800/05",197
"1800/06",159
"1800/07",163
"1800/08",164
"1800/09",138
"1800/10",138
"1800/11",126
"1800/12",141
"1801/01",233
"1801/02",131
"1801/03",198
"1801/04",160
"1801/05",161
"1801/06",160
"1801/07",170
"1801/08",169
"1801/09",147
"1801/10",139
"1801/11",136
"1801/12",153
"1802/01",298
"1802/02",199
"1802/03",223
"1802/04",223
"1802/05",218
"1802/06",206
"1802/07",229
"1802/08",230
"1802/09",214
"1802/10",216
"1802/11",217
"1802/12",227
"1803/01",292
"1803/02",180
"1803/03",201
"1803/04",184
"1803/05",186
"1803/06",181
"1803/07",191
"1803/08",190
"1803/09",177
"1803/10",202
"1803/11",195
"1803/12",208
"1804/01",327
"1804/02",200
"1804/03",238
"1804/04",216
"1804/05",204
"1804/06",198
"1804/07",197
"1804/08",202
"1804/09",181
"1804/10",214
"1804/11",221
"1804/12",198
"1805/01",270
"1805/02",155
"1805/03",173
"1805/04",172
"1805/05",192
"1805/06",194
"1805/07",197
"1805/08",194
"1805/09",173
"1805/10",193
"1805/11",183
"1805/12",189
"1806/01",247
"1806/02",173
"1806/03",190
"1806/04",188
"1806/05",191
"1806/06",182
"1806/07",197
"1806/08",193
"1806/09",187
"1806/10",197
"1806/11",188
"1806/12",195
"1807/01",305
"1807/02",196
"1807/03",239
"1807/04",206
"1807/05",239
"1807/06",171
"1807/07",174
"1807/08",171
"1807/09",172
"1807/10",181
"1807/11",166
"1807/12",198
"1808/01",288
"1808/02",158
"1808/03",169
"1808/04",165
"1808/05",169
"1808/06",166
"1808/07",154
"1808/08",164
"1808/09",183
"1808/10",185
"1808/11",174
"1808/12",181
"1809/01",282
"1809/02",151
"1809/03",198
"1809/04",200
"1809/05",206
"1809/06",201
"1809/07",211
"1809/08",209
"1809/09",210
"1809/10",212
"1809/11",199
"1809/12",172
"1810/01",271
"1810/02",157
"1810/03",178
"1810/04",165
"1810/05",174
"1810/06",167
"1810/07",176
"1810/08",172
"1810/09",169
"1810/10",182
"1810/11",167
"1810/12",181
"1811/01",285
"1811/02",164
"1811/03",179
"1811/04",162
"1811/05",171
"1811/06",164
"1811/07",179
"1811/08",176
"1811/09",166
"1811/10",178
"1811/11",178
"1811/12",176
"1812/01",256
"1812/02",155
"1812/03",162
"1812/04",172
"1812/05",173
"1812/06",168
"1812/07",167
"1812/08",168
"1812/09",167
"1812/10",181
"1812/11",174
"1812/12",184
"1813/01",307
"1813/02",161
"1813/03",179
"1813/04",167
"1813/05",182
"1813/06",174
"1813/07",179
"1813/08",178
"1813/09",179
"1813/10",177
"1813/11",165
"1813/12",170
"1814/01",300
"1814/02",161
"1814/03",174
"1814/04",167
"1814/05",165
"1814/06",195
"1814/07",203
"1814/08",196
"1814/09",221
"1814/10",261
"1814/11",255
"1814/12",267
"1815/01",359
"1815/02",220
"1815/03",231
"1815/04",204
"1815/05",207
"1815/06",198
"1815/07",205
"1815/08",205
"1815/09",200
"1815/10",199
"1815/11",203
"1815/12",205
"1816/01",324
"1816/02",236
"1816/03",264
"1816/04",236
"1816/05",248
"1816/06",236
"1816/07",272
"1816/08",260
"1816/09",257
"1816/10",265
"1816/11",224
"1816/12",227
"1817/01",323
"1817/02",230
"1817/03",255
"1817/04",246
"1817/05",244
"1817/06",247
"1817/07",255
"1817/08",249
"1817/09",243
"1817/10",253
"1817/11",242
"1817/12",248
"1818/01",492
"1818/02",220
"1818/03",239
"1818/04",239
"1818/05",235
"1818/06",236
"1818/07",241
"1818/08",234
"1818/09",236
"1818/10",243
"1818/11",237
"1818/12",249
"1819/01",396
"1819/02",230
"1819/03",259
"1819/04",235
"1819/05",254
"1819/06",276
"1819/07",347
"1819/08",338
"1819/09",341
"1819/10",347
"1819/11",323
"1819/12",358
"1820/01",474
"1820/02",324
"1820/03",342
"1820/04",298
"1820/05",306
"1820/06",308
"1820/07",293
"1820/08",313
"1820/09",315
"1820/10",330
"1820/11",325
"1820/12",319
"1821/01",524
"1821/02",308
"1821/03",348
"1821/04",334
"1821/05",337
"1821/06",336
"1821/07",381
"1821/08",369
"1821/09",366
"1821/10",380
"1821/11",371
"1821/12",377
"1822/01",630
"1822/02",395
"1822/03",442
"1822/04",399
"1822/05",419
"1822/06",423
"1822/07",366
"1822/08",382
"1822/09",379
"1822/10",389
"1822/11",376
"1822/12",380
"1823/01",576
"1823/02",373
"1823/03",426
"1823/04",402
"1823/05",374
"1823/06",362
"1823/07",395
"1823/08",388
"1823/09",394
"1823/10",390
"1823/11",379
"1823/12",402
"1824/01",654
"1824/02",381
"1824/03",406
"1824/04",398
"1824/05",393
"1824/06",362
"1824/07",342
"1824/08",323
"1824/09",318
"1824/10",351
"1824/11",335
"1824/12",340
"1825/01",538
"1825/02",329
"1825/03",366
"1825/04",345
"1825/05",341
"1825/06",341
"1825/07",369
"1825/08",361
"1825/09",326
"1825/10",386
"1825/11",378
"1825/12",418
"1826/01",624
"1826/02",439
"1826/03",471
"1826/04",466
"1826/05",444
"1826/06",447
"1826/07",475
"1826/08",518
"1826/09",497
"1826/10",511
"1826/11",486
"1826/12",487
"1827/01",630
"1827/02",373
"1827/03",411
"1827/04",361
"1827/05",370
"1827/06",344
"1827/07",342
"1827/08",365
"1827/09",362
"1827/10",380
"1827/11",396
"1827/12",404
"1828/01",685
"1828/02",438
"1828/03",475
"1828/04",443
"1828/05",452
"1828/06",466
"1828/07",511
"1828/08",507
"1828/09",484
"1828/10",502
"1828/11",475
"1828/12",481
"1829/01",743
"1829/02",465
"1829/03",519
"1829/04",491
"1829/05",518
"1829/06",556
"1829/07",583
"1829/08",565
"1829/09",558
"1829/10",578
"1829/11",536
"1829/12",553
"1830/01",763
"1830/02",493
"1830/03",571
"1830/04",577
"1830/05",633
"1830/06",610
"1830/07",585
"1830/08",581
"1830/09",594
"1830/10",598
"1830/11",548
"1830/12",559
"1831/01",717
"1831/02",459
"1831/03",529
"1831/04",504
"1831/05",521
"1831/06",538
"1831/07",519
"1831/08",515
"1831/09",496
"1831/10",496
"1831/11",464
"1831/12",480
"1832/01",794
"1832/02",521
"1832/03",565
"1832/04",553
"1832/05",560
"1832/06",531
"1832/07",570
"1832/08",583
"1832/09",576
"1832/10",590
"1832/11",564
"1832/12",612
"1833/01",914
"1833/02",606
"1833/03",692
"1833/04",662
"1833/05",677
"1833/06",643
"1833/07",622
"1833/08",614
"1833/09",536
"1833/10",568
"1833/11",507
"1833/12",548
"1834/01",807
"1834/02",491
"1834/03",550
"1834/04",515
"1834/05",512
"1834/06",516
"1834/07",549
"1834/08",569
"1834/09",544
"1834/10",578
"1834/11",555
"1834/12",565
"1835/01",832
"1835/02",539
"1835/03",612
"1835/04",593
"1835/05",594
"1835/06",551
"1835/07",597
"1835/08",580
"1835/09",540
"1835/10",558
"1835/11",516
"1835/12",569
"1836/01",871
"1836/02",525
"1836/03",579
"1836/04",539
"1836/05",566
"1836/06",613
"1836/07",618
"1836/08",617
"1836/09",641
"1836/10",680
"1836/11",648
"1836/12",698
"1837/01",1055
"1837/02",631
"1837/03",691
"1837/04",720
"1837/05",711
"1837/06",678
"1837/07",686
"1837/08",694
"1837/09",637
"1837/10",667
"1837/11",602
"1837/12",665
"1838/01",1020
"1838/02",614
"1838/03",723
"1838/04",632
"1838/05",653
"1838/06",643
"1838/07",629
"1838/08",637
"1838/09",621
"1838/10",620
"1838/11",587
"1838/12",609
"1839/01",954
"1839/02",529
"1839/03",594
"1839/04",552
"1839/05",568
"1839/06",585
"1839/07",595
"1839/08",608
"1839/09",596
"1839/10",620
"1839/11",574
"1839/12",591
"1840/01",1047
"1840/02",533
"1840/03",572
"1840/04",526
"1840/05",557
"1840/06",529
"1840/07",540
"1840/08",545
"1840/09",537
"1840/10",573
"1840/11",534
"1840/12",576
"1841/01",1053
"1841/02",527
"1841/03",573
"1841/04",554
"1841/05",571
"1841/06",562
"1841/07",620
"1841/08",630
"1841/09",627
"1841/10",646
"1841/11",609
"1841/12",636
"1842/01",1054
"1842/02",581
"1842/03",629
"1842/04",630
"1842/05",592
"1842/06",587
"1842/07",569
"1842/08",541
"1842/09",544
"1842/10",575
"1842/11",527
"1842/12",562
"1843/01",1079
"1843/02",537
"1843/03",592
"1843/04",594
"1843/05",600
"1843/06",588
"1843/07",604
"1843/08",600
"1843/09",592
"1843/10",640
"1843/11",592
"1843/12",623
"1844/01",1116
"1844/02",620
"1844/03",659
"1844/04",611
"1844/05",629
"1844/06",641
"1844/07",649
"1844/08",654
"1844/09",638
"1844/10",665
"1844/11",624
"1844/12",633
"1845/01",1188
"1845/02",615
"1845/03",674
"1845/04",693
"1845/05",700
"1845/06",671
"1845/07",717
"1845/08",725
"1845/09",700
"1845/10",703
"1845/11",678
"1845/12",690
"1846/01",1220
"1846/02",628
"1846/03",708
"1846/04",672
"1846/05",699
"1846/06",651
"1846/07",675
"1846/08",677
"1846/09",672
"1846/10",725
"1846/11",647
"1846/12",682
"1847/01",1249
"1847/02",576
"1847/03",613
"1847/04",595
"1847/05",591
"1847/06",615
"1847/07",632
"1847/08",602
"1847/09",566
"1847/10",616
"1847/11",571
"1847/12",611
"1848/01",1119
"1848/02",580
"1848/03",750
"1848/04",759
"1848/05",764
"1848/06",762
"1848/07",670
"1848/08",763
"1848/09",700
"1848/10",731
"1848/11",759
"1848/12",807
"1849/01",1299
"1849/02",769
"1849/03",867
"1849/04",819
"1849/05",849
"1849/06",804
"1849/07",841
"1849/08",841
"1849/09",889
"1849/10",962
"1849/11",946
"1849/12",985
"1850/01",1542
"1850/02",956
"1850/03",1094
"1850/04",1023
"1850/05",1025
"1850/06",993
"1850/07",1018
"1850/08",1024
"1850/09",992
"1850/10",1005
"1850/11",947
"1850/12",986
"1851/01",1462
"1851/02",894
"1851/03",971
"1851/04",913
"1851/05",984
"1851/06",934
"1851/07",981
"1851/08",985
"1851/09",942
"1851/10",994
"1851/11",978
"1851/12",877
"1852/01",1447
"1852/02",870
"1852/03",831
"1852/04",779
"1852/05",760
"1852/06",755
"1852/07",768
"1852/08",739
"1852/09",728
"1852/10",779
"1852/11",745
"1852/12",774
"1853/01",1234
"1853/02",642
"1853/03",688
"1853/04",711
"1853/05",723
"1853/06",725
"1853/07",771
"1853/08",661
"1853/09",657
"1853/10",700
"1853/11",625
"1853/12",683
"1854/01",1135
"1854/02",572
"1854/03",599
"1854/04",596
"1854/05",612
"1854/06",628
"1854/07",685
"1854/08",657
"1854/09",643
"1854/10",659
"1854/11",649
"1854/12",657
"1855/01",1182
"1855/02",542
"1855/03",608
"1855/04",567
"1855/05",572
"1855/06",565
"1855/07",598
"1855/08",589
"1855/09",604
"1855/10",606
"1855/11",594
"1855/12",613
"1856/01",1214
"1856/02",596
"1856/03",658
"1856/04",614
"1856/05",642
"1856/06",612
"1856/07",675
"1856/08",673
"1856/09",631
"1856/10",692
"1856/11",681
"1856/12",667
"1857/01",1341
"1857/02",669
"1857/03",720
"1857/04",709
"1857/05",718
"1857/06",675
"1857/07",667
"1857/08",630
"1857/09",679
"1857/10",721
"1857/11",682
"1857/12",665
"1858/01",1269
"1858/02",583
"1858/03",643
"1858/04",636
"1858/05",652
"1858/06",637
"1858/07",660
"1858/08",635
"1858/09",649
"1858/10",704
"1858/11",614
"1858/12",635
"1859/01",1425
"1859/02",607
"1859/03",656
"1859/04",664
"1859/05",684
"1859/06",668
"1859/07",646
"1859/08",624
"1859/09",659
"1859/10",710
"1859/11",644
"1859/12",691
"1860/01",1742
"1860/02",688
"1860/03",732
"1860/04",698
"1860/05",726
"1860/06",743
"1860/07",744
"1860/08",741
"1860/09",721
"1860/10",695
"1860/11",665
"1860/12",671
"1861/01",1498
"1861/02",659
"1861/03",746
"1861/04",697
"1861/05",735
"1861/06",764
"1861/07",789
"1861/08",793
"1861/09",778
"1861/10",794
"1861/11",760
"1861/12",773
"1862/01",1596
"1862/02",675
"1862/03",717
"1862/04",682
"1862/05",710
"1862/06",679
"1862/07",753
"1862/08",739
"1862/09",740
"1862/10",766
"1862/11",738
"1862/12",732
"1863/01",1603
"1863/02",811
"1863/03",847
"1863/04",845
"1863/05",915
"1863/06",830
"1863/07",879
"1863/08",909
"1863/09",860
"1863/10",909
"1863/11",889
"1863/12",826
"1864/01",1695
"1864/02",787
"1864/03",825
"1864/04",837
"1864/05",801
"1864/06",780
"1864/07",811
"1864/08",752
"1864/09",800
"1864/10",856
"1864/11",834
"1864/12",896
"1865/01",1713
"1865/02",837
"1865/03",882
"1865/04",859
"1865/05",842
"1865/06",843
"1865/07",972
"1865/08",923
"1865/09",967
"1865/10",968
"1865/11",898
"1865/12",985
"1866/01",1681
"1866/02",833
"1866/03",937
"1866/04",874
"1866/05",896
"1866/06",937
"1866/07",908
"1866/08",860
"1866/09",884
"1866/10",884
"1866/11",861
"1866/12",917
"1867/01",1675
"1867/02",825
"1867/03",936
"1867/04",881
"1867/05",933
"1867/06",924
"1867/07",960
"1867/08",946
"1867/09",899
"1867/10",960
"1867/11",938
"1867/12",1036
"1868/01",1767
"1868/02",924
"1868/03",1012
"1868/04",1004
"1868/05",1086
"1868/06",1049
"1868/07",1206
"1868/08",1179
"1868/09",1174
"1868/10",1194
"1868/11",1138
"1868/12",1204
"1869/01",2317
"1869/02",1181
"1869/03",1246
"1869/04",1258
"1869/05",1305
"1869/06",1279
"1869/07",1387
"1869/08",1305
"1869/09",1313
"1869/10",1408
"1869/11",1301
"1869/12",1367
"1870/01",2069
"1870/02",1298
"1870/03",1423
"1870/04",1349
"1870/05",1386
"1870/06",1382
"1870/07",1500
"1870/08",1425
"1870/09",1282
"1870/10",1295
"1870/11",1242
"1870/12",1242
"1871/01",1826
"1871/02",1130
"1871/03",1439
"1871/04",1350
"1871/05",1161
"1871/06",1209
"1871/07",1262
"1871/08",1230
"1871/09",1214
"1871/10",1292
"1871/11",1286
"1871/12",1395
"1872/01",2784
"1872/02",1332
"1872/03",1464
"1872/04",1393
"1872/05",1483
"1872/06",1546
"1872/07",1560
"1872/08",1526
"1872/09",1471
"1872/10",1534
"1872/11",1513
"1872/12",1545
"1873/01",2534
"1873/02",1465
"1873/03",1659
"1873/04",1541
"1873/05",1614
"1873/06",1563
"1873/07",1655
"1873/08",1607
"1873/09",1576
"1873/10",1702
"1873/11",1661
"1873/12",1647
"1874/01",2749
"1874/02",1523
"1874/03",1645
"1874/04",1595
"1874/05",1667
"1874/06",1584
"1874/07",1707
"1874/08",1628
"1874/09",1598
"1874/10",1709
"1874/11",1600
"1874/12",1647
"1875/01",3847
"1875/02",1592
"1875/03",1669
"1875/04",1686
"1875/05",1707
"1875/06",1702
"1875/07",1778
"1875/08",1677
"1875/09",1684
"1875/10",1781
"1875/11",1678
"1875/12",1748
"1876/01",3367
"1876/02",1712
"1876/03",1889
"1876/04",1828
"1876/05",1869
"1876/06",1838
"1876/07",1950
"1876/08",1822
"1876/09",1777
"1876/10",1815
"1876/11",1693
"1876/12",1875
"1877/01",3163
"1877/02",1711
"1877/03",1914
"1877/04",1795
"1877/05",1907
"1877/06",1919
"1877/07",1944
"1877/08",1862
"1877/09",1865
"1877/10",1896
"1877/11",1869
"1877/12",1956
"1878/01",3324
"1878/02",1848
"1878/03",2053
"1878/04",1900
"1878/05",2019
"1878/06",1887
"1878/07",1921
"1878/08",1906
"1878/09",1830
"1878/10",1888
"1878/11",1908
"1878/12",2004
"1879/01",3451
"1879/02",1816
"1879/03",2049
"1879/04",1913
"1879/05",2036
"1879/06",2002
"1879/07",2100
"1879/08",2060
"1879/09",1967
"1879/10",2048
"1879/11",2048
"1879/12",2147
"1880/01",3628
"1880/02",2102
"1880/03",2163
"1880/04",2134
"1880/05",2242
"1880/06",2206
"1880/07",2264
"1880/08",2212
"1880/09",2158
"1880/10",2295
"1880/11",2188
"1880/12",2275
"1881/01",3672
"1881/02",2123
"1881/03",2396
"1881/04",2312
"1881/05",2334
"1881/06",2312
"1881/07",2443
"1881/08",2157
"1881/09",2329
"1881/10",2501
"1881/11",2471
"1881/12",2548
"1882/01",4346
"1882/02",2422
"1882/03",2679
"1882/04",2567
"1882/05",2647
"1882/06",2764
"1882/07",2814
"1882/08",2717
"1882/09",2645
"1882/10",2692
"1882/11",2642
"1882/12",2762
"1883/01",4583
"1883/02",2454
"1883/03",2612
"1883/04",2545
"1883/05",2577
"1883/06",2599
"1883/07",2682
"1883/08",2603
"1883/09",2595
"1883/10",2631
"1883/11",2618
"1883/12",2741
"1884/01",4279
"1884/02",2562
"1884/03",2815
"1884/04",2610
"1884/05",2715
"1884/06",2650
"1884/07",2716
"1884/08",2730
"1884/09",2567
"1884/10",2766
"1884/11",2725
"1884/12",2751
"1885/01",4766
"1885/02",2520
"1885/03",2802
"1885/04",2673
"1885/05",2768
"1885/06",2608
"1885/07",2794
"1885/08",2794
"1885/09",2587
"1885/10",2768
"1885/11",2662
"1885/12",2728
"1886/01",4566
"1886/02",2589
"1886/03",2802
"1886/04",2707
"1886/05",2856
"1886/06",2735
"1886/07",2927
"1886/08",2862
"1886/09",2711
"1886/10",2896
"1886/11",2753
"1886/12",2828
"1887/01",4742
"1887/02",2652
"1887/03",2909
"1887/04",2760
"1887/05",2877
"1887/06",2880
"1887/07",3015
"1887/08",2845
"1887/09",2823
"1887/10",2984
"1887/11",2869
"1887/12",3036
"1888/01",4734
"1888/02",2839
"1888/03",3127
"1888/04",2929
"1888/05",2978
"1888/06",2969
"1888/07",3035
"1888/08",3030
"1888/09",2967
"1888/10",3061
"1888/11",3014
"1888/12",3231
"1889/01",4974
"1889/02",2924
"1889/03",3337
"1889/04",3153
"1889/05",3335
"1889/06",3280
"1889/07",3307
"1889/08",3312
"1889/09",3236
"1889/10",3279
"1889/11",3204
"1889/12",3268
"1890/01",5125
"1890/02",3032
"1890/03",3415
"1890/04",3072
"1890/05",3225
"1890/06",3206
"1890/07",3222
"1890/08",3223
"1890/09",3096
"1890/10",3256
"1890/11",3305
"1890/12",3325
"1891/01",5346
"1891/02",3060
"1891/03",3340
"1891/04",3223
"1891/05",3343
"1891/06",3223
"1891/07",3267
"1891/08",3194
"1891/09",3081
"1891/10",3352
"1891/11",3223
"1891/12",3340
"1892/01",5308
"1892/02",3137
"1892/03",3423
"1892/04",3284
"1892/05",3359
"1892/06",3312
"1892/07",3423
"1892/08",3222
"1892/09",3200
"1892/10",3489
"1892/11",3325
"1892/12",3559
"1893/01",5300
"1893/02",3211
"1893/03",3601
"1893/04",3438
"1893/05",3393
"1893/06",3468
"1893/07",3526
"1893/08",3431
"1893/09",3418
"1893/10",3480
"1893/11",3432
"1893/12",3616
"1894/01",5539
"1894/02",3319
"1894/03",3676
"1894/04",3548
"1894/05",3551
"1894/06",3590
"1894/07",3594
"1894/08",3519
"1894/09",3524
"1894/10",3536
"1894/11",3501
"1894/12",3656
"1895/01",5742
"1895/02",3351
"1895/03",3757
"1895/04",3435
"1895/05",3576
"1895/06",3541
"1895/07",3573
"1895/08",3604
"1895/09",3532
"1895/10",3676
"1895/11",3596
"1895/12",3678
"1896/01",5596
"1896/02",3473
"1896/03",3715
"1896/04",3522
"1896/05",3634
"1896/06",3568
"1896/07",3615
"1896/08",3528
"1896/09",3440
"1896/10",3536
"1896/11",3460
"1896/12",3488
"1897/01",6082
"1897/02",3326
"1897/03",3582
"1897/04",3471
"1897/05",3597
"1897/06",3450
"1897/07",3562
"1897/08",3492
"1897/09",3371
"1897/10",3599
"1897/11",3394
"1897/12",3554
"1898/01",6046
"1898/02",3375
"1898/03",3719
"1898/04",3482
"1898/05",3527
"1898/06",3558
"1898/07",3610
"1898/08",3429
"1898/09",3467
"1898/10",3656
"1898/11",3449
"1898/12",3627
"1899/01",5827
"1899/02",3317
"1899/03",3612
"1899/04",3475
"1899/05",3429
"1899/06",3461
"1899/07",3567
"1899/08",3497
"1899/09",3523
"1899/10",3632
"1899/11",3499
"1899/12",3609
"1900/01",5937
"1900/02",3445
"1900/03",3667
"1900/04",3570
"1900/05",3550
"1900/06",3490
"1900/07",3571
"1900/08",3576
"1900/09",3596
"1900/10",3614
"1900/11",3550
"1900/12",3717
"1901/01",5881
"1901/02",3406
"1901/03",3920
"1901/04",3350
"1901/05",3601
"1901/06",3761
"1901/07",3667
"1901/08",3660
"1901/09",3568
"1901/10",3697
"1901/11",3591
"1901/12",3675
"1902/01",6331
"1902/02",3475
"1902/03",3960
"1902/04",3617
"1902/05",3687
"1902/06",3662
"1902/07",3688
"1902/08",3762
"1902/09",3463
"1902/10",3720
"1902/11",3740
"1902/12",3688
"1903/01",6184
"1903/02",3527
"1903/03",3874
"1903/04",3706
"1903/05",3930
"1903/06",3722
"1903/07",3770
"1903/08",3839
"1903/09",3556
"1903/10",3839
"1903/11",3775
"1903/12",3872
"1904/01",6595
"1904/02",3533
"1904/03",3790
"1904/04",3610
"1904/05",3665
"1904/06",3750
"1904/07",3867
"1904/08",3591
"1904/09",3628
"1904/10",3887
"1904/11",3667
"1904/12",3769
"1905/01",6013
"1905/02",3434
"1905/03",3782
"1905/04",3681
"1905/05",3748
"1905/06",3544
"1905/07",3682
"1905/08",3581
"1905/09",3493
"1905/10",3667
"1905/11",3582
"1905/12",3731
"1906/01",5934
"1906/02",3545
"1906/03",3719
"1906/04",3492
"1906/05",3592
"1906/06",3596
"1906/07",3771
"1906/08",3602
"1906/09",3618
"1906/10",3647
"1906/11",3696
"1906/12",3725
"1907/01",6082
"1907/02",3369
"1907/03",3807
"1907/04",3448
"1907/05",3565
"1907/06",3686
"1907/07",3655
"1907/08",3454
"1907/09",3335
"1907/10",3546
"1907/11",3498
"1907/12",3550
"1908/01",6136
"1908/02",3380
"1908/03",3511
"1908/04",3330
"1908/05",3511
"1908/06",3285
"1908/07",3433
"1908/08",3410
"1908/09",3347
"1908/10",3530
"1908/11",3383
"1908/12",3431
"1909/01",6204
"1909/02",3125
"1909/03",3402
"1909/04",3165
"1909/05",3296
"1909/06",3174
"1909/07",3378
"1909/08",3131
"1909/09",3106
"1909/10",3298
"1909/11",3091
"1909/12",3277
"1910/01",5993
"1910/02",3122
"1910/03",3418
"1910/04",3352
"1910/05",3211
"1910/06",3247
"1910/07",3414
"1910/08",3222
"1910/09",3245
"1910/10",3378
"1910/11",3269
"1910/12",3498
"1911/01",5929
"1911/02",3225
"1911/03",3553
"1911/04",3442
"1911/05",3444
"1911/06",3389
"1911/07",3474
"1911/08",3190
"1911/09",3196
"1911/10",3252
"1911/11",3296
"1911/12",3624
"1912/01",6186
"1912/02",3234
"1912/03",3564
"1912/04",3208
"1912/05",3397
"1912/06",3522
"1912/07",3543
"1912/08",3383
"1912/09",3402
"1912/10",3555
"1912/11",3508
"1912/12",3657
"1913/01",6368
"1913/02",3358
"1913/03",3710
"1913/04",3467
"1913/05",3707
"1913/06",3528
"1913/07",3689
"1913/08",3569
"1913/09",3466
"1913/10",3660
"1913/11",3621
"1913/12",3606
"1914/01",7510
"1914/02",3325
"1914/03",3786
"1914/04",3554
"1914/05",3654
"1914/06",3651
"1914/07",3628
"1914/08",2517
"1914/09",2024
"1914/10",2214
"1914/11",2259
"1914/12",2348
"1915/01",5233
"1915/02",2303
"1915/03",2571
"1915/04",2374
"1915/05",2573
"1915/06",2490
"1915/07",2686
"1915/08",2589
"1915/09",2579
"1915/10",2773
"1915/11",2650
"1915/12",2847
"1916/01",5969
"1916/02",2686
"1916/03",2948
"1916/04",2862
"1916/05",2782
"1916/06",2822
"1916/07",2974
"1916/08",2671
"1916/09",2841
"1916/10",2894
"1916/11",2797
"1916/12",2966
"1917/01",6098
"1917/02",2629
"1917/03",3050
"1917/04",2729
"1917/05",2833
"1917/06",2932
"1917/07",3039
"1917/08",2795
"1917/09",2813
"1917/10",2865
"1917/11",2843
"1917/12",3012
"1918/01",5735
"1918/02",2640
"1918/03",3017
"1918/04",2700
"1918/05",2848
"1918/06",2814
"1918/07",2789
"1918/08",2685
"1918/09",2713
"1918/10",2841
"1918/11",2887
"1918/12",2927
"1919/01",6329
"1919/02",2787
"1919/03",3176
"1919/04",3014
"1919/05",3107
"1919/06",3166
"1919/07",3204
"1919/08",3161
"1919/09",3131
"1919/10",3592
"1919/11",2390
"1919/12",3014
"1920/01",5006
"1920/02",2939
"1920/03",3097
"1920/04",3017
"1920/05",3017
"1920/06",3078
"1920/07",3289
"1920/08",2921
"1920/09",2874
"1920/10",3070
"1920/11",2874
"1920/12",3143
"1921/01",5213
"1921/02",2983
"1921/03",3247
"1921/04",3326
"1921/05",3115
"1921/06",3235
"1921/07",3243
"1921/08",2926
"1921/09",2942
"1921/10",3163
"1921/11",3124
"1921/12",3445
"1922/01",5395
"1922/02",2957
"1922/03",3365
"1922/04",3129
"1922/05",3038
"1922/06",3170
"1922/07",3140
"1922/08",2911
"1922/09",2872
"1922/10",3099
"1922/11",3046
"1922/12",3404
"1923/01",5593
"1923/02",3064
"1923/03",3569
"1923/04",3099
"1923/05",3215
"1923/06",3356
"1923/07",3318
"1923/08",3099
"1923/09",3125
"1923/10",3205
"1923/11",3209
"1923/12",3479
"1924/01",5735
"1924/02",3199
"1924/03",3470
"1924/04",3270
"1924/05",3172
"1924/06",3144
"1924/07",3138
"1924/08",3056
"1924/09",2919
"1924/10",3119
"1924/11",3143
"1924/12",3190
"1925/01",6182
"1925/02",2991
"1925/03",3263
"1925/04",3144
"1925/05",3175
"1925/06",3080
"1925/07",3182
"1925/08",3039
"1925/09",2952
"1925/10",3114
"1925/11",3008
"1925/12",3161
"1926/01",5792
"1926/02",2878
"1926/03",3191
"1926/04",3068
"1926/05",3078
"1926/06",3160
"1926/07",3200
"1926/08",2997
"1926/09",2845
"1926/10",3061
"1926/11",2948
"1926/12",3106
"1927/01",5867
"1927/02",2883
"1927/03",3213
"1927/04",3006
"1927/05",3025
"1927/06",3074
"1927/07",3214
"1927/08",2908
"1927/09",2872
"1927/10",3057
"1927/11",2959
"1927/12",3235
"1928/01",5855
"1928/02",3114
"1928/03",3454
"1928/04",2907
"1928/05",2983
"1928/06",3175
"1928/07",3094
"1928/08",2976
"1928/09",3002
"1928/10",3030
"1928/11",3037
"1928/12",3237
"1929/01",5853
"1929/02",2824
"1929/03",3309
"1929/04",2858
"1929/05",2948
"1929/06",3081
"1929/07",3144
"1929/08",2863
"1929/09",2796
"1929/10",2923
"1929/11",2864
"1929/12",3046
"1930/01",5794
"1930/02",2756
"1930/03",3124
"1930/04",2964
"1930/05",2916
"1930/06",2893
"1930/07",2951
"1930/08",2827
"1930/09",2726
"1930/10",2926
"1930/11",2930
"1930/12",2969
"1931/01",6036
"1931/02",2849
"1931/03",3303
"1931/04",2808
"1931/05",3011
"1931/06",3058
"1931/07",2906
"1931/08",2797
"1931/09",2714
"1931/10",2910
"1931/11",2809
"1931/12",2953
"1932/01",5963
"1932/02",2704
"1932/03",2938
"1932/04",2788
"1932/05",2791
"1932/06",2847
"1932/07",2838
"1932/08",2656
"1932/09",2686
"1932/10",2827
"1932/11",2707
"1932/12",2918
"1933/01",5989
"1933/02",2627
"1933/03",2909
"1933/04",2762
"1933/05",2712
"1933/06",2693
"1933/07",2780
"1933/08",2602
"1933/09",2653
"1933/10",2802
"1933/11",2707
"1933/12",2852
"1934/01",5821
"1934/02",2639
"1934/03",3004
"1934/04",2727
"1934/05",2842
"1934/06",2950
"1934/07",2904
"1934/08",2758
"1934/09",2803
"1934/10",2908
"1934/11",2874
"1934/12",2943
"1935/01",5710
"1935/02",2670
"1935/03",2983
"1935/04",2720
"1935/05",2817
"1935/06",2800
"1935/07",2845
"1935/08",2788
"1935/09",2682
"1935/10",2829
"1935/11",2773
"1935/12",2847
"1936/01",5784
"1936/02",2772
"1936/03",2881
"1936/04",2690
"1936/05",2832
"1936/06",2631
"1936/07",2772
"1936/08",2692
"1936/09",2595
"1936/10",2820
"1936/11",2644
"1936/12",2780
"1937/01",5339
"1937/02",2470
"1937/03",2711
"1937/04",2639
"1937/05",2616
"1937/06",2698
"1937/07",2704
"1937/08",2403
"1937/09",2435
"1937/10",2597
"1937/11",2437
"1937/12",2613
"1938/01",4975
"1938/02",2412
"1938/03",2653
"1938/04",2510
"1938/05",2468
"1938/06",2458
"1938/07",2502
"1938/08",2275
"1938/09",2306
"1938/10",2407
"1938/11",2254
"1938/12",2429
"1939/01",4023
"1939/02",2110
"1939/03",2377
"1939/04",2213
"1939/05",2203
"1939/06",2232
"1939/07",2234
"1939/08",2082
"1939/09",1841
"1939/10",1795
"1939/11",1771
"1939/12",1870
"1940/01",2651
"1940/02",1708
"1940/03",1828
"1940/04",1742
"1940/05",1709
"1940/06",1051
"1940/07",1090
"1940/08",1288
"1940/09",1326
"1940/10",1372
"1940/11",1420
"1940/12",1399
"1941/01",2532
"1941/02",1360
"1941/03",1543
"1941/04",1360
"1941/05",1414
"1941/06",1419
"1941/07",1455
"1941/08",1454
"1941/09",1336
"1941/10",1393
"1941/11",1364
"1941/12",1342
"1942/01",2168
"1942/02",1279
"1942/03",1384
"1942/04",1324
"1942/05",1328
"1942/06",1337
"1942/07",1304
"1942/08",1288
"1942/09",1263
"1942/10",1349
"1942/11",1281
"1942/12",1292
"1943/01",2385
"1943/02",1205
"1943/03",1243
"1943/04",1243
"1943/05",1285
"1943/06",1155
"1943/07",1278
"1943/08",1276
"1943/09",1276
"1943/10",1341
"1943/11",1309
"1943/12",1331
"1944/01",2525
"1944/02",1224
"1944/03",1365
"1944/04",1248
"1944/05",1285
"1944/06",1288
"1944/07",1234
"1944/08",854
"1944/09",538
"1944/10",587
"1944/11",611
"1944/12",693
"1945/01",1098
"1945/02",528
"1945/03",632
"1945/04",564
"1945/05",582
"1945/06",634
"1945/07",636
"1945/08",602
"1945/09",567
"1945/10",617
"1945/11",621
"1945/12",660
"1946/01",1269
"1946/02",572
"1946/03",644
"1946/04",623
"1946/05",644
"1946/06",644
"1946/07",599
"1946/08",634
"1946/09",568
"1946/10",719
"1946/11",676
"1946/12",651
"1947/01",1223
"1947/02",506
"1947/03",565
"1947/04",650
"1947/05",672
"1947/06",628
"1947/07",694
"1947/08",637
"1947/09",621
"1947/10",690
"1947/11",642
"1947/12",662
"1948/01",1345
"1948/02",657
"1948/03",668
"1948/04",674
"1948/05",625
"1948/06",622
"1948/07",620
"1948/08",520
"1948/09",545
"1948/10",537
"1948/11",540
"1948/12",583
"1949/01",1193
"1949/02",515
"1949/03",578
"1949/04",560
"1949/05",550
"1949/06",554
"1949/07",565
"1949/08",514
"1949/09",526
"1949/10",571
"1949/11",550
"1949/12",615
"1950/01",1143
"1950/02",457
"1950/03",516
"1950/04",466
"1950/05",443
"1950/06",467
"1950/07",474
"1950/08",431
"1950/09",445
"1950/10",459
"1950/11",462
"1950/12",489
"1951/01",698
"1951/02",261
"1951/03",271
"1951/04",247
"1951/05",254
"1951/06",269
"1951/07",255
"1951/08",205
"1951/09",236
"1951/10",243
"1951/11",228
"1951/12",233
"1952/01",633
"1952/02",201
"1952/03",215
"1952/04",198
"1952/05",211
"1952/06",192
"1952/07",231
"1952/08",196
"1952/09",210
"1952/10",245
"1952/11",223
"1952/12",225
"1953/01",669
"1953/02",177
"1953/03",192
"1953/04",188
"1953/05",185
"1953/06",193
"1953/07",186
"1953/08",162
"1953/09",169
"1953/10",191
"1953/11",176
"1953/12",199
"1954/01",729
"1954/02",202
"1954/03",229
"1954/04",204
"1954/05",209
"1954/06",209
"1954/07",199
"1954/08",180
"1954/09",192
"1954/10",211
"1954/11",206
"1954/12",245
"1955/01",729
"1955/02",194
"1955/03",208
"1955/04",205
"1955/05",197
"1955/06",209
"1955/07",216
"1955/08",179
"1955/09",187
"1955/10",224
"1955/11",210
"1955/12",225
"1956/01",691
"1956/02",193
"1956/03",209
"1956/04",184
"1956/05",185
"1956/06",194
"1956/07",172
"1956/08",166
"1956/09",163
"1956/10",185
"1956/11",185
"1956/12",203
"1957/01",746
"1957/02",184
"1957/03",197
"1957/04",178
"1957/05",182
"1957/06",163
"1957/07",186
"1957/08",157
"1957/09",156
"1957/10",174
"1957/11",173
"1957/12",183
"1958/01",763
"1958/02",179
"1958/03",203
"1958/04",180
"1958/05",184
"1958/06",178
"1958/07",183
"1958/08",173
"1958/09",181
"1958/10",195
"1958/11",186
"1958/12",192
"1959/01",736
"1959/02",142
"1959/03",142
"1959/04",153
"1959/05",144
"1959/06",146
"1959/07",143
"1959/08",130
"1959/09",135
"1959/10",152
"1959/11",138
"1959/12",157
"1960/01",681
"1960/02",113
"1960/03",119
"1960/04",117
"1960/05",116
"1960/06",119
"1960/07",119
"1960/08",103
"1960/09",97
"1960/10",111
"1960/11",111
"1960/12",121
"1961/01",633
"1961/02",92
"1961/03",99
"1961/04",97
"1961/05",98
"1961/06",93
"1961/07",96
"1961/08",60
"1961/09",67
"1961/10",67
"1961/11",73
"1961/12",75
"1962/01",593
"1962/02",88
"1962/03",94
"1962/04",91
"1962/05",100
"1962/06",92
"1962/07",84
"1962/08",74
"1962/09",85
"1962/10",84
"1962/11",85
"1962/12",90
"1963/01",563
"1963/02",88
"1963/03",77
"1963/04",72
"1963/05",77
"1963/06",74
"1963/07",68
"1963/08",66
"1963/09",64
"1963/10",72
"1963/11",71
"1963/12",76
"1964/01",559
"1964/02",83
"1964/03",73
"1964/04",79
"1964/05",74
"1964/06",74
"1964/07",71
"1964/08",60
"1964/09",65
"1964/10",76
"1964/11",74
"1964/12",81
"1965/01",590
"1965/02",74
"1965/03",77
"1965/04",71
"1965/05",75
"1965/06",71
"1965/07",73
"1965/08",61
"1965/09",67
"1965/10",82
"1965/11",79
"1965/12",79
"1966/01",613
"1966/02",74
"1966/03",83
"1966/04",81
"1966/05",71
"1966/06",67
"1966/07",70
"1966/08",55
"1966/09",82
"1966/10",96
"1966/11",72
"1966/12",77
"1967/01",578
"1967/02",47
"1967/03",48
"1967/04",54
"1967/05",56
"1967/06",48
"1967/07",69
"1967/08",61
"1967/09",43
"1967/10",54
"1967/11",71
"1967/12",70
"1968/01",593
"1968/02",64
"1968/03",78
"1968/04",71
"1968/05",66
"1968/06",58
"1968/07",65
"1968/08",63
"1968/09",61
"1968/10",73
"1968/11",73
"1968/12",70
"1969/01",613
"1969/02",60
"1969/03",71
"1969/04",77
"1969/05",69
"1969/06",65
"1969/07",78
"1969/08",62
"1969/09",58
"1969/10",81
"1969/11",69
"1969/12",78
"1970/01",611
"1970/02",39
"1970/03",42
"1970/04",46
"1970/05",54
"1970/06",48
"1970/07",34
"1970/08",15
"1970/09",20
"1970/10",36
"1970/11",25
"1970/12",25
"1971/01",575
"1971/02",24
"1971/03",25
"1971/04",21
"1971/05",25
"1971/06",22
"1971/07",24
"1971/08",14
"1971/09",21
"1971/10",57
"1971/11",42
"1971/12",27
"1972/01",595
"1972/02",40
"1972/03",32
"1972/04",45
"1972/05",30
"1972/06",20
"1972/07",23
"1972/08",13
"1972/09",14
"1972/10",47
"1972/11",36
"1972/12",41
"1973/01",597
"1973/02",27
"1973/03",27
"1973/04",25
"1973/05",25
"1973/06",18
"1973/07",19
"1973/08",13
"1973/09",19
"1973/10",25
"1973/11",19
"1973/12",19
"1974/01",611
"1974/02",17
"1974/03",21
"1974/04",19
"1974/05",20
"1974/06",17
"1974/07",12
"1974/08",9
"1974/09",17
"1974/10",21
"1974/11",17
"1974/12",17
"1975/01",602
"1975/02",22
"1975/03",20
"1975/04",25
"1975/05",22
"1975/06",22
"1975/07",19
"1975/08",12
"1975/09",25
"1975/10",29
"1975/11",23
"1975/12",23
"1976/01",578
"1976/02",22
"1976/03",28
"1976/04",27
"1976/05",27
"1976/06",21
"1976/07",17
"1976/08",8
"1976/09",22
"1976/10",23
"1976/11",25
"1976/12",25
"1977/01",564
"1977/02",25
"1977/03",37
"1977/04",27
"1977/05",29
"1977/06",29
"1977/07",23
"1977/08",7
"1977/09",23
"1977/10",31
"1977/11",27
"1977/12",26
"1978/01",566
"1978/02",24
"1978/03",28
"1978/04",23
"1978/05",32
"1978/06",26
"1978/07",24
"1978/08",10
"1978/09",23
"1978/10",26
"1978/11",25
"1978/12",29
"1979/01",597
"1979/02",24
"1979/03",30
"1979/04",26
"1979/05",25
"1979/06",25
"1979/07",27
"1979/08",12
"1979/09",23
"1979/10",32
"1979/11",28
"1979/12",28
"1980/01",621
"1980/02",26
"1980/03",32
"1980/04",24
"1980/05",27
"1980/06",26
"1980/07",17
"1980/08",9
"1980/09",21
"1980/10",24
"1980/11",21
"1980/12",22
"1981/01",624
"1981/02",16
"1981/03",25
"1981/04",16
"1981/05",20
"1981/06",18
"1981/07",17
"1981/08",10
"1981/09",15
"1981/10",16
"1981/11",18
"1981/12",18
"1982/01",626
"1982/02",15
"1982/03",17
"1982/04",16
"1982/05",16
"1982/06",14
"1982/07",12
"1982/08",9
"1982/09",13
"1982/10",18
"1982/11",15
"1982/12",18
"1983/01",610
"1983/02",13
"1983/03",14
"1983/04",15
"1983/05",15
"1983/06",15
"1983/07",14
"1983/08",5
"1983/09",13
"1983/10",14
"1983/11",18
"1983/12",14
"1984/01",611
"1984/02",18
"1984/03",18
"1984/04",16
"1984/05",19
"1984/06",20
"1984/07",10
"1984/08",4
"1984/09",14
"1984/10",16
"1984/11",14
"1984/12",15
"1985/01",605
"1985/02",14
"1985/03",15
"1985/04",13
"1985/05",15
"1985/06",14
"1985/07",9
"1985/08",10
"1985/09",10
"1985/10",13
"1985/11",14
"1985/12",13
"1986/01",637
"1986/02",18
"1986/03",19
"1986/04",20
"1986/05",17
"1986/06",18
"1986/07",11
"1986/08",8
"1986/09",14
"1986/10",18
"1986/11",20
"1986/12",20
"1987/01",671
"1987/02",17
"1987/03",29
"1987/04",18
"1987/05",20
"1987/06",22
"1987/07",11
"1987/08",8
"1987/09",15
"1987/10",16
"1987/11",17
"1987/12",19
"1988/01",620
"1988/02",18
"1988/03",19
"1988/04",21
"1988/05",22
"1988/06",23
"1988/07",11
"1988/08",11
"1988/09",16
"1988/10",26
"1988/11",24
"1988/12",24
"1989/01",612
"1989/02",26
"1989/03",30
"1989/04",28
"1989/05",23
"1989/06",25
"1989/07",11
"1989/08",13
"1989/09",18
"1989/10",21
"1989/11",23
"1989/12",25
"1990/01",816
"1990/02",17
"1990/03",24
"1990/04",18
"1990/05",24
"1990/06",18
"1990/07",8
"1990/08",7
"1990/09",17
"1990/10",20
"1990/11",17
"1990/12",19
"1991/01",632
"1991/02",15
"1991/03",22
"1991/04",23
"1991/05",17
"1991/06",22
"1991/07",9
"1991/08",9
"1991/09",13
"1991/10",18
"1991/11",19
"1991/12",17
"1992/01",598
"1992/02",21
"1992/03",20
"1992/04",18
"1992/05",20
"1992/06",22
"1992/07",13
"1992/08",9
"1992/09",12
"1992/10",20
"1992/11",25
"1992/12",20
"1993/01",607
"1993/02",26
"1993/03",27
"1993/04",22
"1993/05",26
"1993/06",21
"1993/07",11
"1993/08",9
"1993/09",20
"1993/10",21
"1993/11",24
"1993/12",18
"1994/01",583
"1994/02",20
"1994/03",25
"1994/04",22
"1994/05",25
"1994/06",20
"1994/07",10
"1994/08",11
"1994/09",18
"1994/10",26
"1994/11",24
"1994/12",22
"1995/01",614
"1995/02",29
"1995/03",29
"1995/04",24
"1995/05",24
"1995/06",27
"1995/07",12
"1995/08",13
"1995/09",22
"1995/10",22
"1995/11",23
"1995/12",20
"1996/01",623
"1996/02",23
"1996/03",24
"1996/04",20
"1996/05",19
"1996/06",20
"1996/07",12
"1996/08",11
"1996/09",15
"1996/10",22
"1996/11",22
"1996/12",16
"1997/01",581
"1997/02",16
"1997/03",22
"1997/04",17
"1997/05",20
"1997/06",16
"1997/07",8
"1997/08",9
"1997/09",17
"1997/10",19
"1997/11",23
"1997/12",14
"1998/01",580
"1998/02",17
"1998/03",18
"1998/04",16
"1998/05",17
"1998/06",15
"1998/07",10
"1998/08",7
"1998/09",15
"1998/10",19
"1998/11",19
"1998/12",12
"1999/01",531
"1999/02",10
"1999/03",10
"1999/04",10
"1999/05",11
"1999/06",5
"1999/07",6
"1999/08",5
"1999/09",11
"1999/10",11
"1999/11",11
"1999/12",12
"2000/01",526
"2000/02",14
"2000/03",14
"2000/04",13
"2000/05",16
"2000/06",12
"2000/07",5
"2000/08",4
"2000/09",10
"2000/10",12
"2000/11",8
"2000/12",9
"2001/01",460
"2001/02",10
"2001/03",12
"2001/04",11
"2001/05",10
"2001/06",12
"2001/07",4
"2001/08",3
"2001/09",8
"2001/10",7
"2001/11",9
"2001/12",7
"2002/01",447
"2002/02",8
"2002/03",9
"2002/04",9
"2002/05",7
"2002/06",8
"2002/07",3
"2002/08",2
"2002/09",6
"2002/10",7
"2002/11",5
"2002/12",5
"2003/01",417
"2003/02",5
"2003/03",8
"2003/04",5
"2003/05",6
"2003/06",7
"2003/07",5
"2003/08",2
"2003/09",6
"2003/10",8
"2003/11",6
"2003/12",5
"2004/01",405
"2004/02",6
"2004/03",6
"2004/04",6
"2004/05",7
"2004/06",6
"2004/07",4
"2004/08",2
"2004/09",6
"2004/10",7
"2004/11",5
"2004/12",6
"2005/01",337
"2005/02",5
"2005/03",6
"2005/04",6
"2005/05",6
"2005/06",6
"2005/07",4
"2005/08",0
"2005/09",6
"2005/10",6
"2005/11",4
"2005/12",7
"2006/01",300
"2006/02",6
"2006/03",6
"2006/04",6
"2006/05",6
"2006/06",6
"2006/07",5
"2006/08",0
"2006/09",7
"2006/10",6
"2006/11",6
"2006/12",5
"2007/01",284
"2007/02",7
"2007/03",7
"2007/04",5
"2007/05",5
"2007/06",6
"2007/07",4
"2007/08",0
"2007/09",7
"2007/10",5
"2007/11",7
"2007/12",5
"2008/01",258
"2008/02",6
"2008/03",6
"2008/04",5
"2008/05",6
"2008/06",7
"2008/07",4
"2008/08",0
"2008/09",4
"2008/10",7
"2008/11",6
"2008/12",4
"2009/01",232
"2009/02",6
"2009/03",6
"2009/04",5
"2009/05",4
"2009/06",6
"2009/07",6
"2009/08",0
"2009/09",7
"2009/10",7
"2009/11",7
"2009/12",5
"2010/01",183
"2010/02",2
"2010/03",2
"2010/04",1
"2010/05",2
"2010/06",2
"2010/07",1
"2010/08",0
"2010/09",2
"2010/10",2
"2010/11",2
"2010/12",2
"2011/01",172
"2011/02",2
"2011/03",2
"2011/04",2
"2011/05",2
"2011/06",2
"2011/07",1
"2011/08",0
"2011/09",2
"2011/10",2
"2011/11",2
"2011/12",1
"2012/01",160
"2012/02",2
"2012/03",2
"2012/04",2
"2012/05",2
"2012/06",2
"2012/07",1
"2012/08",0
"2012/09",1
"2012/10",2
"2012/11",3
"2012/12",1
"2013/01",126
"2013/02",2
"2013/03",2
"2013/04",1
"2013/05",2
"2013/06",2
"2013/07",2
"2013/08",0
"2013/09",1
"2013/10",2
"2013/11",1
"2013/12",1
"2014/01",115
"2014/02",0
"2014/03",0
"2014/04",0
"2014/05",0
"2014/06",0
"2014/07",0
"2014/08",0
"2014/09",0
"2014/10",0
"2014/11",0
"2014/12",1
"2015/01",104
"2015/02",0
"2015/03",0
"2015/04",0
"2015/05",0
"2015/06",0
"2015/07",0
"2015/08",0
"2015/09",0
"2015/10",1
"2015/11",0
"2015/12",0
"2016/01",71
"2016/02",0
"2016/03",0
"2016/04",0
"2016/05",0
"2016/06",0
"2016/07",0
"2016/08",0
"2016/09",0
"2016/10",0
"2016/11",0
"2016/12",0
"2017/01",54
"2017/02",0
"2017/03",0
"2017/04",0
"2017/05",0
"2017/06",0
"2017/07",0
"2017/08",0
"2017/09",0
"2017/10",0
"2017/11",0
"2017/12",0
"2018/01",39
"2018/02",0
"2018/03",0
"2018/04",0
"2018/05",0
"2018/06",0
"2018/07",0
"2018/08",0
"2018/09",0
"2018/10",0
"2018/11",0
"2018/12",0
"2019/01",7
"2019/02",0
"2019/03",0
"2019/04",0
"2019/05",0
"2019/06",0
"2019/07",0
"2019/08",0
"2019/09",0
"2019/10",0
"2019/11",0
"2019/12",0
"2020/01",0
"2020/02",0
"2020/03",0
"2020/04",0
"2020/05",0
"2020/06",0
"2020/07",0
"2020/08",0
"2020/09",0
"2020/10",0
"2020/11",0
"2020/12",0
"2021/01",0
"2021/02",0
"2021/03",0
"2021/04",0
"2021/05",0
"2021/06",0
"2021/07",0
"2021/08",0
"2021/09",0
"2021/10",0
"2021/11",0
"2021/12",0
