"","annee","count","date"
"1851/01",1851,0,"1851/01"
"1851/02",1851,0,"1851/02"
"1851/03",1851,0,"1851/03"
"1851/04",1851,0,"1851/04"
"1851/05",1851,0,"1851/05"
"1851/06",1851,0,"1851/06"
"1851/07",1851,0,"1851/07"
"1851/08",1851,0,"1851/08"
"1851/09",1851,252,"1851/09"
"1851/10",1851,814,"1851/10"
"1851/11",1851,608,"1851/11"
"1851/12",1851,502,"1851/12"
"1852/01",1852,672,"1852/01"
"1852/02",1852,539,"1852/02"
"1852/03",1852,645,"1852/03"
"1852/04",1852,658,"1852/04"
"1852/05",1852,633,"1852/05"
"1852/06",1852,640,"1852/06"
"1852/07",1852,743,"1852/07"
"1852/08",1852,734,"1852/08"
"1852/09",1852,865,"1852/09"
"1852/10",1852,1188,"1852/10"
"1852/11",1852,1133,"1852/11"
"1852/12",1852,1115,"1852/12"
"1853/01",1853,1228,"1853/01"
"1853/02",1853,1055,"1853/02"
"1853/03",1853,1088,"1853/03"
"1853/04",1853,838,"1853/04"
"1853/05",1853,906,"1853/05"
"1853/06",1853,735,"1853/06"
"1853/07",1853,940,"1853/07"
"1853/08",1853,1016,"1853/08"
"1853/09",1853,828,"1853/09"
"1853/10",1853,762,"1853/10"
"1853/11",1853,904,"1853/11"
"1853/12",1853,922,"1853/12"
"1854/01",1854,848,"1854/01"
"1854/02",1854,748,"1854/02"
"1854/03",1854,930,"1854/03"
"1854/04",1854,765,"1854/04"
"1854/05",1854,928,"1854/05"
"1854/06",1854,1002,"1854/06"
"1854/07",1854,1038,"1854/07"
"1854/08",1854,1074,"1854/08"
"1854/09",1854,849,"1854/09"
"1854/10",1854,837,"1854/10"
"1854/11",1854,769,"1854/11"
"1854/12",1854,670,"1854/12"
"1855/01",1855,800,"1855/01"
"1855/02",1855,723,"1855/02"
"1855/03",1855,733,"1855/03"
"1855/04",1855,674,"1855/04"
"1855/05",1855,812,"1855/05"
"1855/06",1855,755,"1855/06"
"1855/07",1855,851,"1855/07"
"1855/08",1855,910,"1855/08"
"1855/09",1855,727,"1855/09"
"1855/10",1855,781,"1855/10"
"1855/11",1855,735,"1855/11"
"1855/12",1855,652,"1855/12"
"1856/01",1856,862,"1856/01"
"1856/02",1856,664,"1856/02"
"1856/03",1856,647,"1856/03"
"1856/04",1856,617,"1856/04"
"1856/05",1856,599,"1856/05"
"1856/06",1856,643,"1856/06"
"1856/07",1856,768,"1856/07"
"1856/08",1856,768,"1856/08"
"1856/09",1856,735,"1856/09"
"1856/10",1856,656,"1856/10"
"1856/11",1856,689,"1856/11"
"1856/12",1856,741,"1856/12"
"1857/01",1857,905,"1857/01"
"1857/02",1857,664,"1857/02"
"1857/03",1857,696,"1857/03"
"1857/04",1857,695,"1857/04"
"1857/05",1857,707,"1857/05"
"1857/06",1857,721,"1857/06"
"1857/07",1857,827,"1857/07"
"1857/08",1857,853,"1857/08"
"1857/09",1857,659,"1857/09"
"1857/10",1857,733,"1857/10"
"1857/11",1857,645,"1857/11"
"1857/12",1857,776,"1857/12"
"1858/01",1858,846,"1858/01"
"1858/02",1858,799,"1858/02"
"1858/03",1858,712,"1858/03"
"1858/04",1858,624,"1858/04"
"1858/05",1858,780,"1858/05"
"1858/06",1858,831,"1858/06"
"1858/07",1858,939,"1858/07"
"1858/08",1858,855,"1858/08"
"1858/09",1858,677,"1858/09"
"1858/10",1858,708,"1858/10"
"1858/11",1858,675,"1858/11"
"1858/12",1858,742,"1858/12"
"1859/01",1859,761,"1859/01"
"1859/02",1859,622,"1859/02"
"1859/03",1859,690,"1859/03"
"1859/04",1859,625,"1859/04"
"1859/05",1859,594,"1859/05"
"1859/06",1859,746,"1859/06"
"1859/07",1859,752,"1859/07"
"1859/08",1859,805,"1859/08"
"1859/09",1859,526,"1859/09"
"1859/10",1859,574,"1859/10"
"1859/11",1859,603,"1859/11"
"1859/12",1859,578,"1859/12"
"1860/01",1860,885,"1860/01"
"1860/02",1860,955,"1860/02"
"1860/03",1860,1060,"1860/03"
"1860/04",1860,875,"1860/04"
"1860/05",1860,1012,"1860/05"
"1860/06",1860,933,"1860/06"
"1860/07",1860,1125,"1860/07"
"1860/08",1860,1184,"1860/08"
"1860/09",1860,985,"1860/09"
"1860/10",1860,940,"1860/10"
"1860/11",1860,969,"1860/11"
"1860/12",1860,1006,"1860/12"
"1861/01",1861,1116,"1861/01"
"1861/02",1861,963,"1861/02"
"1861/03",1861,971,"1861/03"
"1861/04",1861,956,"1861/04"
"1861/05",1861,1540,"1861/05"
"1861/06",1861,1690,"1861/06"
"1861/07",1861,1479,"1861/07"
"1861/08",1861,1684,"1861/08"
"1861/09",1861,1185,"1861/09"
"1861/10",1861,1245,"1861/10"
"1861/11",1861,1395,"1861/11"
"1861/12",1861,1498,"1861/12"
"1862/01",1862,1479,"1862/01"
"1862/02",1862,1172,"1862/02"
"1862/03",1862,1284,"1862/03"
"1862/04",1862,1184,"1862/04"
"1862/05",1862,1296,"1862/05"
"1862/06",1862,1241,"1862/06"
"1862/07",1862,1472,"1862/07"
"1862/08",1862,1543,"1862/08"
"1862/09",1862,1352,"1862/09"
"1862/10",1862,1249,"1862/10"
"1862/11",1862,1253,"1862/11"
"1862/12",1862,1080,"1862/12"
"1863/01",1863,991,"1863/01"
"1863/02",1863,971,"1863/02"
"1863/03",1863,1084,"1863/03"
"1863/04",1863,844,"1863/04"
"1863/05",1863,1065,"1863/05"
"1863/06",1863,1010,"1863/06"
"1863/07",1863,1251,"1863/07"
"1863/08",1863,1260,"1863/08"
"1863/09",1863,925,"1863/09"
"1863/10",1863,1072,"1863/10"
"1863/11",1863,1035,"1863/11"
"1863/12",1863,1061,"1863/12"
"1864/01",1864,887,"1864/01"
"1864/02",1864,826,"1864/02"
"1864/03",1864,978,"1864/03"
"1864/04",1864,1015,"1864/04"
"1864/05",1864,1052,"1864/05"
"1864/06",1864,1004,"1864/06"
"1864/07",1864,1162,"1864/07"
"1864/08",1864,1294,"1864/08"
"1864/09",1864,977,"1864/09"
"1864/10",1864,901,"1864/10"
"1864/11",1864,1122,"1864/11"
"1864/12",1864,922,"1864/12"
"1865/01",1865,828,"1865/01"
"1865/02",1865,996,"1865/02"
"1865/03",1865,1119,"1865/03"
"1865/04",1865,892,"1865/04"
"1865/05",1865,1083,"1865/05"
"1865/06",1865,1214,"1865/06"
"1865/07",1865,1379,"1865/07"
"1865/08",1865,1393,"1865/08"
"1865/09",1865,1182,"1865/09"
"1865/10",1865,1096,"1865/10"
"1865/11",1865,994,"1865/11"
"1865/12",1865,1176,"1865/12"
"1866/01",1866,862,"1866/01"
"1866/02",1866,731,"1866/02"
"1866/03",1866,728,"1866/03"
"1866/04",1866,715,"1866/04"
"1866/05",1866,755,"1866/05"
"1866/06",1866,757,"1866/06"
"1866/07",1866,884,"1866/07"
"1866/08",1866,943,"1866/08"
"1866/09",1866,582,"1866/09"
"1866/10",1866,929,"1866/10"
"1866/11",1866,925,"1866/11"
"1866/12",1866,823,"1866/12"
"1867/01",1867,943,"1867/01"
"1867/02",1867,780,"1867/02"
"1867/03",1867,918,"1867/03"
"1867/04",1867,812,"1867/04"
"1867/05",1867,881,"1867/05"
"1867/06",1867,921,"1867/06"
"1867/07",1867,896,"1867/07"
"1867/08",1867,1061,"1867/08"
"1867/09",1867,777,"1867/09"
"1867/10",1867,867,"1867/10"
"1867/11",1867,745,"1867/11"
"1867/12",1867,780,"1867/12"
"1868/01",1868,862,"1868/01"
"1868/02",1868,827,"1868/02"
"1868/03",1868,839,"1868/03"
"1868/04",1868,764,"1868/04"
"1868/05",1868,904,"1868/05"
"1868/06",1868,886,"1868/06"
"1868/07",1868,1084,"1868/07"
"1868/08",1868,1140,"1868/08"
"1868/09",1868,825,"1868/09"
"1868/10",1868,1001,"1868/10"
"1868/11",1868,811,"1868/11"
"1868/12",1868,904,"1868/12"
"1869/01",1869,1012,"1869/01"
"1869/02",1869,854,"1869/02"
"1869/03",1869,742,"1869/03"
"1869/04",1869,820,"1869/04"
"1869/05",1869,969,"1869/05"
"1869/06",1869,1021,"1869/06"
"1869/07",1869,1169,"1869/07"
"1869/08",1869,695,"1869/08"
"1869/09",1869,814,"1869/09"
"1869/10",1869,661,"1869/10"
"1869/11",1869,849,"1869/11"
"1869/12",1869,833,"1869/12"
"1870/01",1870,1025,"1870/01"
"1870/02",1870,902,"1870/02"
"1870/03",1870,1011,"1870/03"
"1870/04",1870,943,"1870/04"
"1870/05",1870,1173,"1870/05"
"1870/06",1870,941,"1870/06"
"1870/07",1870,1070,"1870/07"
"1870/08",1870,1123,"1870/08"
"1870/09",1870,1044,"1870/09"
"1870/10",1870,978,"1870/10"
"1870/11",1870,1037,"1870/11"
"1870/12",1870,1056,"1870/12"
"1871/01",1871,1224,"1871/01"
"1871/02",1871,1233,"1871/02"
"1871/03",1871,1474,"1871/03"
"1871/04",1871,1272,"1871/04"
"1871/05",1871,1363,"1871/05"
"1871/06",1871,1218,"1871/06"
"1871/07",1871,1431,"1871/07"
"1871/08",1871,1484,"1871/08"
"1871/09",1871,1209,"1871/09"
"1871/10",1871,1131,"1871/10"
"1871/11",1871,1335,"1871/11"
"1871/12",1871,1210,"1871/12"
"1872/01",1872,1348,"1872/01"
"1872/02",1872,1415,"1872/02"
"1872/03",1872,1263,"1872/03"
"1872/04",1872,1250,"1872/04"
"1872/05",1872,1299,"1872/05"
"1872/06",1872,1235,"1872/06"
"1872/07",1872,1482,"1872/07"
"1872/08",1872,1605,"1872/08"
"1872/09",1872,1386,"1872/09"
"1872/10",1872,1394,"1872/10"
"1872/11",1872,1372,"1872/11"
"1872/12",1872,1321,"1872/12"
"1873/01",1873,1206,"1873/01"
"1873/02",1873,1116,"1873/02"
"1873/03",1873,1259,"1873/03"
"1873/04",1873,1362,"1873/04"
"1873/05",1873,1458,"1873/05"
"1873/06",1873,1277,"1873/06"
"1873/07",1873,1419,"1873/07"
"1873/08",1873,1507,"1873/08"
"1873/09",1873,1124,"1873/09"
"1873/10",1873,1079,"1873/10"
"1873/11",1873,1422,"1873/11"
"1873/12",1873,1190,"1873/12"
"1874/01",1874,1221,"1874/01"
"1874/02",1874,1171,"1874/02"
"1874/03",1874,1232,"1874/03"
"1874/04",1874,1421,"1874/04"
"1874/05",1874,1355,"1874/05"
"1874/06",1874,1310,"1874/06"
"1874/07",1874,1557,"1874/07"
"1874/08",1874,1510,"1874/08"
"1874/09",1874,1438,"1874/09"
"1874/10",1874,1496,"1874/10"
"1874/11",1874,1403,"1874/11"
"1874/12",1874,1451,"1874/12"
"1875/01",1875,1455,"1875/01"
"1875/02",1875,1208,"1875/02"
"1875/03",1875,1494,"1875/03"
"1875/04",1875,1346,"1875/04"
"1875/05",1875,965,"1875/05"
"1875/06",1875,905,"1875/06"
"1875/07",1875,1409,"1875/07"
"1875/08",1875,1781,"1875/08"
"1875/09",1875,1329,"1875/09"
"1875/10",1875,1399,"1875/10"
"1875/11",1875,884,"1875/11"
"1875/12",1875,965,"1875/12"
"1876/01",1876,1385,"1876/01"
"1876/02",1876,1251,"1876/02"
"1876/03",1876,1448,"1876/03"
"1876/04",1876,1342,"1876/04"
"1876/05",1876,1395,"1876/05"
"1876/06",1876,1335,"1876/06"
"1876/07",1876,1455,"1876/07"
"1876/08",1876,1309,"1876/08"
"1876/09",1876,1130,"1876/09"
"1876/10",1876,1154,"1876/10"
"1876/11",1876,1314,"1876/11"
"1876/12",1876,1530,"1876/12"
"1877/01",1877,1305,"1877/01"
"1877/02",1877,1037,"1877/02"
"1877/03",1877,1102,"1877/03"
"1877/04",1877,1076,"1877/04"
"1877/05",1877,1055,"1877/05"
"1877/06",1877,1069,"1877/06"
"1877/07",1877,1383,"1877/07"
"1877/08",1877,1376,"1877/08"
"1877/09",1877,1138,"1877/09"
"1877/10",1877,1368,"1877/10"
"1877/11",1877,1192,"1877/11"
"1877/12",1877,882,"1877/12"
"1878/01",1878,1744,"1878/01"
"1878/02",1878,1518,"1878/02"
"1878/03",1878,1574,"1878/03"
"1878/04",1878,1409,"1878/04"
"1878/05",1878,1459,"1878/05"
"1878/06",1878,1619,"1878/06"
"1878/07",1878,1791,"1878/07"
"1878/08",1878,1843,"1878/08"
"1878/09",1878,1659,"1878/09"
"1878/10",1878,1505,"1878/10"
"1878/11",1878,1617,"1878/11"
"1878/12",1878,1569,"1878/12"
"1879/01",1879,1868,"1879/01"
"1879/02",1879,1611,"1879/02"
"1879/03",1879,1793,"1879/03"
"1879/04",1879,1664,"1879/04"
"1879/05",1879,1851,"1879/05"
"1879/06",1879,1674,"1879/06"
"1879/07",1879,1970,"1879/07"
"1879/08",1879,1911,"1879/08"
"1879/09",1879,1690,"1879/09"
"1879/10",1879,1736,"1879/10"
"1879/11",1879,1772,"1879/11"
"1879/12",1879,1784,"1879/12"
"1880/01",1880,1879,"1880/01"
"1880/02",1880,1722,"1880/02"
"1880/03",1880,1898,"1880/03"
"1880/04",1880,1703,"1880/04"
"1880/05",1880,1881,"1880/05"
"1880/06",1880,1679,"1880/06"
"1880/07",1880,2080,"1880/07"
"1880/08",1880,1972,"1880/08"
"1880/09",1880,1654,"1880/09"
"1880/10",1880,1638,"1880/10"
"1880/11",1880,1846,"1880/11"
"1880/12",1880,1738,"1880/12"
"1881/01",1881,1667,"1881/01"
"1881/02",1881,1718,"1881/02"
"1881/03",1881,1889,"1881/03"
"1881/04",1881,1809,"1881/04"
"1881/05",1881,1644,"1881/05"
"1881/06",1881,1661,"1881/06"
"1881/07",1881,2160,"1881/07"
"1881/08",1881,2037,"1881/08"
"1881/09",1881,1794,"1881/09"
"1881/10",1881,1883,"1881/10"
"1881/11",1881,1619,"1881/11"
"1881/12",1881,1848,"1881/12"
"1882/01",1882,1950,"1882/01"
"1882/02",1882,1745,"1882/02"
"1882/03",1882,1779,"1882/03"
"1882/04",1882,1746,"1882/04"
"1882/05",1882,1921,"1882/05"
"1882/06",1882,1793,"1882/06"
"1882/07",1882,1851,"1882/07"
"1882/08",1882,1910,"1882/08"
"1882/09",1882,1635,"1882/09"
"1882/10",1882,1639,"1882/10"
"1882/11",1882,1856,"1882/11"
"1882/12",1882,1789,"1882/12"
"1883/01",1883,2080,"1883/01"
"1883/02",1883,1813,"1883/02"
"1883/03",1883,1952,"1883/03"
"1883/04",1883,1831,"1883/04"
"1883/05",1883,1963,"1883/05"
"1883/06",1883,2076,"1883/06"
"1883/07",1883,2509,"1883/07"
"1883/08",1883,2593,"1883/08"
"1883/09",1883,1964,"1883/09"
"1883/10",1883,1960,"1883/10"
"1883/11",1883,2159,"1883/11"
"1883/12",1883,2254,"1883/12"
"1884/01",1884,2213,"1884/01"
"1884/02",1884,1970,"1884/02"
"1884/03",1884,2199,"1884/03"
"1884/04",1884,2095,"1884/04"
"1884/05",1884,2015,"1884/05"
"1884/06",1884,2047,"1884/06"
"1884/07",1884,2281,"1884/07"
"1884/08",1884,2378,"1884/08"
"1884/09",1884,2032,"1884/09"
"1884/10",1884,2019,"1884/10"
"1884/11",1884,2296,"1884/11"
"1884/12",1884,2278,"1884/12"
"1885/01",1885,2114,"1885/01"
"1885/02",1885,1961,"1885/02"
"1885/03",1885,2232,"1885/03"
"1885/04",1885,1821,"1885/04"
"1885/05",1885,2102,"1885/05"
"1885/06",1885,2119,"1885/06"
"1885/07",1885,2211,"1885/07"
"1885/08",1885,2305,"1885/08"
"1885/09",1885,2104,"1885/09"
"1885/10",1885,2057,"1885/10"
"1885/11",1885,2030,"1885/11"
"1885/12",1885,2135,"1885/12"
"1886/01",1886,2351,"1886/01"
"1886/02",1886,1969,"1886/02"
"1886/03",1886,2176,"1886/03"
"1886/04",1886,1946,"1886/04"
"1886/05",1886,2005,"1886/05"
"1886/06",1886,1953,"1886/06"
"1886/07",1886,2119,"1886/07"
"1886/08",1886,2052,"1886/08"
"1886/09",1886,1754,"1886/09"
"1886/10",1886,2002,"1886/10"
"1886/11",1886,1852,"1886/11"
"1886/12",1886,1898,"1886/12"
"1887/01",1887,2136,"1887/01"
"1887/02",1887,1882,"1887/02"
"1887/03",1887,2038,"1887/03"
"1887/04",1887,2009,"1887/04"
"1887/05",1887,2028,"1887/05"
"1887/06",1887,1980,"1887/06"
"1887/07",1887,2306,"1887/07"
"1887/08",1887,2089,"1887/08"
"1887/09",1887,1572,"1887/09"
"1887/10",1887,1792,"1887/10"
"1887/11",1887,1804,"1887/11"
"1887/12",1887,1833,"1887/12"
"1888/01",1888,1811,"1888/01"
"1888/02",1888,1600,"1888/02"
"1888/03",1888,1950,"1888/03"
"1888/04",1888,1463,"1888/04"
"1888/05",1888,2188,"1888/05"
"1888/06",1888,2128,"1888/06"
"1888/07",1888,2287,"1888/07"
"1888/08",1888,2059,"1888/08"
"1888/09",1888,2154,"1888/09"
"1888/10",1888,2348,"1888/10"
"1888/11",1888,1849,"1888/11"
"1888/12",1888,2185,"1888/12"
"1889/01",1889,2009,"1889/01"
"1889/02",1889,1726,"1889/02"
"1889/03",1889,2023,"1889/03"
"1889/04",1889,1896,"1889/04"
"1889/05",1889,1741,"1889/05"
"1889/06",1889,1725,"1889/06"
"1889/07",1889,2206,"1889/07"
"1889/08",1889,2212,"1889/08"
"1889/09",1889,2057,"1889/09"
"1889/10",1889,2215,"1889/10"
"1889/11",1889,2055,"1889/11"
"1889/12",1889,2248,"1889/12"
"1890/01",1890,1909,"1890/01"
"1890/02",1890,1946,"1890/02"
"1890/03",1890,2089,"1890/03"
"1890/04",1890,1664,"1890/04"
"1890/05",1890,1782,"1890/05"
"1890/06",1890,1854,"1890/06"
"1890/07",1890,2130,"1890/07"
"1890/08",1890,2193,"1890/08"
"1890/09",1890,1881,"1890/09"
"1890/10",1890,1976,"1890/10"
"1890/11",1890,2135,"1890/11"
"1890/12",1890,2215,"1890/12"
"1891/01",1891,2038,"1891/01"
"1891/02",1891,1857,"1891/02"
"1891/03",1891,2049,"1891/03"
"1891/04",1891,1842,"1891/04"
"1891/05",1891,2178,"1891/05"
"1891/06",1891,1904,"1891/06"
"1891/07",1891,2103,"1891/07"
"1891/08",1891,2238,"1891/08"
"1891/09",1891,2020,"1891/09"
"1891/10",1891,1942,"1891/10"
"1891/11",1891,2124,"1891/11"
"1891/12",1891,2305,"1891/12"
"1892/01",1892,2595,"1892/01"
"1892/02",1892,2003,"1892/02"
"1892/03",1892,2315,"1892/03"
"1892/04",1892,2124,"1892/04"
"1892/05",1892,2104,"1892/05"
"1892/06",1892,2190,"1892/06"
"1892/07",1892,2374,"1892/07"
"1892/08",1892,1989,"1892/08"
"1892/09",1892,2227,"1892/09"
"1892/10",1892,2353,"1892/10"
"1892/11",1892,2338,"1892/11"
"1892/12",1892,2342,"1892/12"
"1893/01",1893,2437,"1893/01"
"1893/02",1893,2307,"1893/02"
"1893/03",1893,2345,"1893/03"
"1893/04",1893,2468,"1893/04"
"1893/05",1893,2606,"1893/05"
"1893/06",1893,2290,"1893/06"
"1893/07",1893,2430,"1893/07"
"1893/08",1893,2266,"1893/08"
"1893/09",1893,2010,"1893/09"
"1893/10",1893,2224,"1893/10"
"1893/11",1893,2163,"1893/11"
"1893/12",1893,2488,"1893/12"
"1894/01",1894,2531,"1894/01"
"1894/02",1894,2312,"1894/02"
"1894/03",1894,2411,"1894/03"
"1894/04",1894,2234,"1894/04"
"1894/05",1894,2266,"1894/05"
"1894/06",1894,2318,"1894/06"
"1894/07",1894,2506,"1894/07"
"1894/08",1894,2639,"1894/08"
"1894/09",1894,2385,"1894/09"
"1894/10",1894,2267,"1894/10"
"1894/11",1894,2764,"1894/11"
"1894/12",1894,2802,"1894/12"
"1895/01",1895,2474,"1895/01"
"1895/02",1895,2354,"1895/02"
"1895/03",1895,2656,"1895/03"
"1895/04",1895,2477,"1895/04"
"1895/05",1895,2600,"1895/05"
"1895/06",1895,2689,"1895/06"
"1895/07",1895,2665,"1895/07"
"1895/08",1895,2825,"1895/08"
"1895/09",1895,2868,"1895/09"
"1895/10",1895,2790,"1895/10"
"1895/11",1895,2774,"1895/11"
"1895/12",1895,3171,"1895/12"
"1896/01",1896,2756,"1896/01"
"1896/02",1896,2172,"1896/02"
"1896/03",1896,2978,"1896/03"
"1896/04",1896,2507,"1896/04"
"1896/05",1896,2076,"1896/05"
"1896/06",1896,2457,"1896/06"
"1896/07",1896,2212,"1896/07"
"1896/08",1896,2118,"1896/08"
"1896/09",1896,1917,"1896/09"
"1896/10",1896,1661,"1896/10"
"1896/11",1896,1956,"1896/11"
"1896/12",1896,1523,"1896/12"
"1897/01",1897,2148,"1897/01"
"1897/02",1897,1990,"1897/02"
"1897/03",1897,2149,"1897/03"
"1897/04",1897,2326,"1897/04"
"1897/05",1897,2343,"1897/05"
"1897/06",1897,2348,"1897/06"
"1897/07",1897,2342,"1897/07"
"1897/08",1897,2272,"1897/08"
"1897/09",1897,2387,"1897/09"
"1897/10",1897,2396,"1897/10"
"1897/11",1897,2427,"1897/11"
"1897/12",1897,2659,"1897/12"
"1898/01",1898,2631,"1898/01"
"1898/02",1898,2320,"1898/02"
"1898/03",1898,2639,"1898/03"
"1898/04",1898,2766,"1898/04"
"1898/05",1898,2621,"1898/05"
"1898/06",1898,2511,"1898/06"
"1898/07",1898,2903,"1898/07"
"1898/08",1898,2889,"1898/08"
"1898/09",1898,2765,"1898/09"
"1898/10",1898,2601,"1898/10"
"1898/11",1898,2472,"1898/11"
"1898/12",1898,2556,"1898/12"
"1899/01",1899,2663,"1899/01"
"1899/02",1899,2408,"1899/02"
"1899/03",1899,2653,"1899/03"
"1899/04",1899,2515,"1899/04"
"1899/05",1899,2514,"1899/05"
"1899/06",1899,2458,"1899/06"
"1899/07",1899,2719,"1899/07"
"1899/08",1899,2907,"1899/08"
"1899/09",1899,2587,"1899/09"
"1899/10",1899,2505,"1899/10"
"1899/11",1899,2593,"1899/11"
"1899/12",1899,2608,"1899/12"
"1900/01",1900,2870,"1900/01"
"1900/02",1900,2488,"1900/02"
"1900/03",1900,2855,"1900/03"
"1900/04",1900,2754,"1900/04"
"1900/05",1900,2653,"1900/05"
"1900/06",1900,2663,"1900/06"
"1900/07",1900,2928,"1900/07"
"1900/08",1900,2926,"1900/08"
"1900/09",1900,2875,"1900/09"
"1900/10",1900,2625,"1900/10"
"1900/11",1900,2700,"1900/11"
"1900/12",1900,3042,"1900/12"
"1901/01",1901,2728,"1901/01"
"1901/02",1901,2575,"1901/02"
"1901/03",1901,2825,"1901/03"
"1901/04",1901,2717,"1901/04"
"1901/05",1901,2726,"1901/05"
"1901/06",1901,2723,"1901/06"
"1901/07",1901,2590,"1901/07"
"1901/08",1901,2631,"1901/08"
"1901/09",1901,2394,"1901/09"
"1901/10",1901,2602,"1901/10"
"1901/11",1901,3022,"1901/11"
"1901/12",1901,2712,"1901/12"
"1902/01",1902,2712,"1902/01"
"1902/02",1902,2555,"1902/02"
"1902/03",1902,2869,"1902/03"
"1902/04",1902,2544,"1902/04"
"1902/05",1902,2604,"1902/05"
"1902/06",1902,2741,"1902/06"
"1902/07",1902,2782,"1902/07"
"1902/08",1902,3027,"1902/08"
"1902/09",1902,74,"1902/09"
"1902/10",1902,2765,"1902/10"
"1902/11",1902,2740,"1902/11"
"1902/12",1902,2718,"1902/12"
"1903/01",1903,2727,"1903/01"
"1903/02",1903,2607,"1903/02"
"1903/03",1903,2919,"1903/03"
"1903/04",1903,2542,"1903/04"
"1903/05",1903,2915,"1903/05"
"1903/06",1903,2850,"1903/06"
"1903/07",1903,2855,"1903/07"
"1903/08",1903,3042,"1903/08"
"1903/09",1903,2781,"1903/09"
"1903/10",1903,2837,"1903/10"
"1903/11",1903,2895,"1903/11"
"1903/12",1903,2552,"1903/12"
"1904/01",1904,2779,"1904/01"
"1904/02",1904,2407,"1904/02"
"1904/03",1904,2527,"1904/03"
"1904/04",1904,2465,"1904/04"
"1904/05",1904,2566,"1904/05"
"1904/06",1904,2489,"1904/06"
"1904/07",1904,2828,"1904/07"
"1904/08",1904,2322,"1904/08"
"1904/09",1904,2268,"1904/09"
"1904/10",1904,2216,"1904/10"
"1904/11",1904,2081,"1904/11"
"1904/12",1904,2155,"1904/12"
"1905/01",1905,2110,"1905/01"
"1905/02",1905,2005,"1905/02"
"1905/03",1905,2259,"1905/03"
"1905/04",1905,2365,"1905/04"
"1905/05",1905,2139,"1905/05"
"1905/06",1905,2260,"1905/06"
"1905/07",1905,2412,"1905/07"
"1905/08",1905,2172,"1905/08"
"1905/09",1905,2330,"1905/09"
"1905/10",1905,2341,"1905/10"
"1905/11",1905,2173,"1905/11"
"1905/12",1905,2299,"1905/12"
"1906/01",1906,2262,"1906/01"
"1906/02",1906,2255,"1906/02"
"1906/03",1906,2523,"1906/03"
"1906/04",1906,2522,"1906/04"
"1906/05",1906,2160,"1906/05"
"1906/06",1906,2149,"1906/06"
"1906/07",1906,2321,"1906/07"
"1906/08",1906,2175,"1906/08"
"1906/09",1906,2235,"1906/09"
"1906/10",1906,2288,"1906/10"
"1906/11",1906,2298,"1906/11"
"1906/12",1906,2350,"1906/12"
"1907/01",1907,2407,"1907/01"
"1907/02",1907,2153,"1907/02"
"1907/03",1907,2593,"1907/03"
"1907/04",1907,2475,"1907/04"
"1907/05",1907,2490,"1907/05"
"1907/06",1907,2508,"1907/06"
"1907/07",1907,2561,"1907/07"
"1907/08",1907,2627,"1907/08"
"1907/09",1907,2671,"1907/09"
"1907/10",1907,2640,"1907/10"
"1907/11",1907,2445,"1907/11"
"1907/12",1907,2728,"1907/12"
"1908/01",1908,2630,"1908/01"
"1908/02",1908,2117,"1908/02"
"1908/03",1908,2397,"1908/03"
"1908/04",1908,2267,"1908/04"
"1908/05",1908,2462,"1908/05"
"1908/06",1908,2423,"1908/06"
"1908/07",1908,2528,"1908/07"
"1908/08",1908,2876,"1908/08"
"1908/09",1908,2529,"1908/09"
"1908/10",1908,2673,"1908/10"
"1908/11",1908,2380,"1908/11"
"1908/12",1908,2427,"1908/12"
"1909/01",1909,2519,"1909/01"
"1909/02",1909,2186,"1909/02"
"1909/03",1909,2573,"1909/03"
"1909/04",1909,2382,"1909/04"
"1909/05",1909,2615,"1909/05"
"1909/06",1909,2258,"1909/06"
"1909/07",1909,2503,"1909/07"
"1909/08",1909,2730,"1909/08"
"1909/09",1909,2403,"1909/09"
"1909/10",1909,2669,"1909/10"
"1909/11",1909,2429,"1909/11"
"1909/12",1909,2664,"1909/12"
"1910/01",1910,2995,"1910/01"
"1910/02",1910,2575,"1910/02"
"1910/03",1910,2757,"1910/03"
"1910/04",1910,2869,"1910/04"
"1910/05",1910,3059,"1910/05"
"1910/06",1910,2828,"1910/06"
"1910/07",1910,2992,"1910/07"
"1910/08",1910,2977,"1910/08"
"1910/09",1910,2749,"1910/09"
"1910/10",1910,2698,"1910/10"
"1910/11",1910,2670,"1910/11"
"1910/12",1910,2803,"1910/12"
"1911/01",1911,2672,"1911/01"
"1911/02",1911,2403,"1911/02"
"1911/03",1911,2691,"1911/03"
"1911/04",1911,2817,"1911/04"
"1911/05",1911,2646,"1911/05"
"1911/06",1911,2727,"1911/06"
"1911/07",1911,3001,"1911/07"
"1911/08",1911,2607,"1911/08"
"1911/09",1911,2689,"1911/09"
"1911/10",1911,2968,"1911/10"
"1911/11",1911,2819,"1911/11"
"1911/12",1911,3133,"1911/12"
"1912/01",1912,3147,"1912/01"
"1912/02",1912,2872,"1912/02"
"1912/03",1912,3558,"1912/03"
"1912/04",1912,2956,"1912/04"
"1912/05",1912,3123,"1912/05"
"1912/06",1912,3186,"1912/06"
"1912/07",1912,2751,"1912/07"
"1912/08",1912,2623,"1912/08"
"1912/09",1912,2909,"1912/09"
"1912/10",1912,2988,"1912/10"
"1912/11",1912,3059,"1912/11"
"1912/12",1912,3048,"1912/12"
"1913/01",1913,3007,"1913/01"
"1913/02",1913,2800,"1913/02"
"1913/03",1913,3277,"1913/03"
"1913/04",1913,2837,"1913/04"
"1913/05",1913,2979,"1913/05"
"1913/06",1913,2650,"1913/06"
"1913/07",1913,2621,"1913/07"
"1913/08",1913,2671,"1913/08"
"1913/09",1913,2692,"1913/09"
"1913/10",1913,2746,"1913/10"
"1913/11",1913,3065,"1913/11"
"1913/12",1913,3086,"1913/12"
"1914/01",1914,3055,"1914/01"
"1914/02",1914,2709,"1914/02"
"1914/03",1914,3101,"1914/03"
"1914/04",1914,2961,"1914/04"
"1914/05",1914,3118,"1914/05"
"1914/06",1914,2971,"1914/06"
"1914/07",1914,2918,"1914/07"
"1914/08",1914,3535,"1914/08"
"1914/09",1914,3270,"1914/09"
"1914/10",1914,3521,"1914/10"
"1914/11",1914,3533,"1914/11"
"1914/12",1914,3389,"1914/12"
"1915/01",1915,3249,"1915/01"
"1915/02",1915,3227,"1915/02"
"1915/03",1915,3406,"1915/03"
"1915/04",1915,3328,"1915/04"
"1915/05",1915,3655,"1915/05"
"1915/06",1915,3456,"1915/06"
"1915/07",1915,3307,"1915/07"
"1915/08",1915,3444,"1915/08"
"1915/09",1915,3094,"1915/09"
"1915/10",1915,3279,"1915/10"
"1915/11",1915,3303,"1915/11"
"1915/12",1915,3305,"1915/12"
"1916/01",1916,3187,"1916/01"
"1916/02",1916,2792,"1916/02"
"1916/03",1916,3224,"1916/03"
"1916/04",1916,3107,"1916/04"
"1916/05",1916,2944,"1916/05"
"1916/06",1916,3201,"1916/06"
"1916/07",1916,3236,"1916/07"
"1916/08",1916,3009,"1916/08"
"1916/09",1916,2818,"1916/09"
"1916/10",1916,2821,"1916/10"
"1916/11",1916,2756,"1916/11"
"1916/12",1916,2658,"1916/12"
"1917/01",1917,2770,"1917/01"
"1917/02",1917,2769,"1917/02"
"1917/03",1917,3042,"1917/03"
"1917/04",1917,2805,"1917/04"
"1917/05",1917,2958,"1917/05"
"1917/06",1917,2659,"1917/06"
"1917/07",1917,3077,"1917/07"
"1917/08",1917,2630,"1917/08"
"1917/09",1917,2652,"1917/09"
"1917/10",1917,2764,"1917/10"
"1917/11",1917,3059,"1917/11"
"1917/12",1917,3074,"1917/12"
"1918/01",1918,2736,"1918/01"
"1918/02",1918,2738,"1918/02"
"1918/03",1918,3305,"1918/03"
"1918/04",1918,2830,"1918/04"
"1918/05",1918,3005,"1918/05"
"1918/06",1918,3286,"1918/06"
"1918/07",1918,3213,"1918/07"
"1918/08",1918,2727,"1918/08"
"1918/09",1918,2449,"1918/09"
"1918/10",1918,2419,"1918/10"
"1918/11",1918,2355,"1918/11"
"1918/12",1918,2555,"1918/12"
"1919/01",1919,2667,"1919/01"
"1919/02",1919,2507,"1919/02"
"1919/03",1919,2895,"1919/03"
"1919/04",1919,2515,"1919/04"
"1919/05",1919,3018,"1919/05"
"1919/06",1919,3215,"1919/06"
"1919/07",1919,3026,"1919/07"
"1919/08",1919,3146,"1919/08"
"1919/09",1919,2992,"1919/09"
"1919/10",1919,3134,"1919/10"
"1919/11",1919,2899,"1919/11"
"1919/12",1919,3000,"1919/12"
"1920/01",1920,3032,"1920/01"
"1920/02",1920,2697,"1920/02"
"1920/03",1920,3204,"1920/03"
"1920/04",1920,3093,"1920/04"
"1920/05",1920,3135,"1920/05"
"1920/06",1920,3220,"1920/06"
"1920/07",1920,3229,"1920/07"
"1920/08",1920,3061,"1920/08"
"1920/09",1920,2869,"1920/09"
"1920/10",1920,3378,"1920/10"
"1920/11",1920,3196,"1920/11"
"1920/12",1920,3308,"1920/12"
"1921/01",1921,3480,"1921/01"
"1921/02",1921,3053,"1921/02"
"1921/03",1921,3579,"1921/03"
"1921/04",1921,3478,"1921/04"
"1921/05",1921,3810,"1921/05"
"1921/06",1921,3695,"1921/06"
"1921/07",1921,3745,"1921/07"
"1921/08",1921,3487,"1921/08"
"1921/09",1921,3244,"1921/09"
"1921/10",1921,3813,"1921/10"
"1921/11",1921,3722,"1921/11"
"1921/12",1921,3737,"1921/12"
"1922/01",1922,4088,"1922/01"
"1922/02",1922,3652,"1922/02"
"1922/03",1922,3592,"1922/03"
"1922/04",1922,3752,"1922/04"
"1922/05",1922,3951,"1922/05"
"1922/06",1922,3849,"1922/06"
"1922/07",1922,3580,"1922/07"
"1922/08",1922,3773,"1922/08"
"1922/09",1922,3550,"1922/09"
"1922/10",1922,3715,"1922/10"
"1922/11",1922,3481,"1922/11"
"1922/12",1922,3788,"1922/12"
"1923/01",1923,4096,"1923/01"
"1923/02",1923,3682,"1923/02"
"1923/03",1923,3887,"1923/03"
"1923/04",1923,3987,"1923/04"
"1923/05",1923,3687,"1923/05"
"1923/06",1923,3680,"1923/06"
"1923/07",1923,3906,"1923/07"
"1923/08",1923,3588,"1923/08"
"1923/09",1923,2999,"1923/09"
"1923/10",1923,3470,"1923/10"
"1923/11",1923,3706,"1923/11"
"1923/12",1923,3968,"1923/12"
"1924/01",1924,3839,"1924/01"
"1924/02",1924,3471,"1924/02"
"1924/03",1924,3877,"1924/03"
"1924/04",1924,3625,"1924/04"
"1924/05",1924,3766,"1924/05"
"1924/06",1924,3821,"1924/06"
"1924/07",1924,3470,"1924/07"
"1924/08",1924,3515,"1924/08"
"1924/09",1924,3427,"1924/09"
"1924/10",1924,3719,"1924/10"
"1924/11",1924,3671,"1924/11"
"1924/12",1924,3704,"1924/12"
"1925/01",1925,3907,"1925/01"
"1925/02",1925,3690,"1925/02"
"1925/03",1925,4188,"1925/03"
"1925/04",1925,4061,"1925/04"
"1925/05",1925,4185,"1925/05"
"1925/06",1925,3920,"1925/06"
"1925/07",1925,3979,"1925/07"
"1925/08",1925,4143,"1925/08"
"1925/09",1925,3974,"1925/09"
"1925/10",1925,3842,"1925/10"
"1925/11",1925,4139,"1925/11"
"1925/12",1925,3952,"1925/12"
"1926/01",1926,4420,"1926/01"
"1926/02",1926,3963,"1926/02"
"1926/03",1926,4521,"1926/03"
"1926/04",1926,4204,"1926/04"
"1926/05",1926,4694,"1926/05"
"1926/06",1926,4353,"1926/06"
"1926/07",1926,4133,"1926/07"
"1926/08",1926,4468,"1926/08"
"1926/09",1926,4594,"1926/09"
"1926/10",1926,4866,"1926/10"
"1926/11",1926,4924,"1926/11"
"1926/12",1926,4895,"1926/12"
"1927/01",1927,5017,"1927/01"
"1927/02",1927,4620,"1927/02"
"1927/03",1927,5063,"1927/03"
"1927/04",1927,4836,"1927/04"
"1927/05",1927,5147,"1927/05"
"1927/06",1927,4869,"1927/06"
"1927/07",1927,4909,"1927/07"
"1927/08",1927,4944,"1927/08"
"1927/09",1927,4814,"1927/09"
"1927/10",1927,5184,"1927/10"
"1927/11",1927,4970,"1927/11"
"1927/12",1927,5060,"1927/12"
"1928/01",1928,5284,"1928/01"
"1928/02",1928,4704,"1928/02"
"1928/03",1928,5372,"1928/03"
"1928/04",1928,5357,"1928/04"
"1928/05",1928,5217,"1928/05"
"1928/06",1928,4925,"1928/06"
"1928/07",1928,5101,"1928/07"
"1928/08",1928,4878,"1928/08"
"1928/09",1928,5108,"1928/09"
"1928/10",1928,5152,"1928/10"
"1928/11",1928,4939,"1928/11"
"1928/12",1928,5018,"1928/12"
"1929/01",1929,5003,"1929/01"
"1929/02",1929,4701,"1929/02"
"1929/03",1929,5540,"1929/03"
"1929/04",1929,5120,"1929/04"
"1929/05",1929,5142,"1929/05"
"1929/06",1929,5003,"1929/06"
"1929/07",1929,5053,"1929/07"
"1929/08",1929,4993,"1929/08"
"1929/09",1929,5123,"1929/09"
"1929/10",1929,5159,"1929/10"
"1929/11",1929,5211,"1929/11"
"1929/12",1929,5462,"1929/12"
"1930/01",1930,5200,"1930/01"
"1930/02",1930,4946,"1930/02"
"1930/03",1930,5883,"1930/03"
"1930/04",1930,5460,"1930/04"
"1930/05",1930,5436,"1930/05"
"1930/06",1930,5503,"1930/06"
"1930/07",1930,5247,"1930/07"
"1930/08",1930,5081,"1930/08"
"1930/09",1930,5051,"1930/09"
"1930/10",1930,5274,"1930/10"
"1930/11",1930,5400,"1930/11"
"1930/12",1930,5175,"1930/12"
"1931/01",1931,5259,"1931/01"
"1931/02",1931,4888,"1931/02"
"1931/03",1931,5693,"1931/03"
"1931/04",1931,5233,"1931/04"
"1931/05",1931,5631,"1931/05"
"1931/06",1931,5164,"1931/06"
"1931/07",1931,5139,"1931/07"
"1931/08",1931,5011,"1931/08"
"1931/09",1931,4772,"1931/09"
"1931/10",1931,5226,"1931/10"
"1931/11",1931,5475,"1931/11"
"1931/12",1931,5140,"1931/12"
"1932/01",1932,5595,"1932/01"
"1932/02",1932,5113,"1932/02"
"1932/03",1932,5052,"1932/03"
"1932/04",1932,4827,"1932/04"
"1932/05",1932,4980,"1932/05"
"1932/06",1932,4595,"1932/06"
"1932/07",1932,4817,"1932/07"
"1932/08",1932,4634,"1932/08"
"1932/09",1932,4538,"1932/09"
"1932/10",1932,5214,"1932/10"
"1932/11",1932,4899,"1932/11"
"1932/12",1932,4996,"1932/12"
"1933/01",1933,5676,"1933/01"
"1933/02",1933,5066,"1933/02"
"1933/03",1933,5555,"1933/03"
"1933/04",1933,5157,"1933/04"
"1933/05",1933,4859,"1933/05"
"1933/06",1933,4592,"1933/06"
"1933/07",1933,4932,"1933/07"
"1933/08",1933,4693,"1933/08"
"1933/09",1933,4497,"1933/09"
"1933/10",1933,5042,"1933/10"
"1933/11",1933,4851,"1933/11"
"1933/12",1933,5187,"1933/12"
"1934/01",1934,5399,"1934/01"
"1934/02",1934,4864,"1934/02"
"1934/03",1934,5280,"1934/03"
"1934/04",1934,5528,"1934/04"
"1934/05",1934,5287,"1934/05"
"1934/06",1934,4879,"1934/06"
"1934/07",1934,5241,"1934/07"
"1934/08",1934,4896,"1934/08"
"1934/09",1934,5153,"1934/09"
"1934/10",1934,5203,"1934/10"
"1934/11",1934,4987,"1934/11"
"1934/12",1934,5237,"1934/12"
"1935/01",1935,5136,"1935/01"
"1935/02",1935,4740,"1935/02"
"1935/03",1935,5488,"1935/03"
"1935/04",1935,5041,"1935/04"
"1935/05",1935,5113,"1935/05"
"1935/06",1935,5081,"1935/06"
"1935/07",1935,4953,"1935/07"
"1935/08",1935,4911,"1935/08"
"1935/09",1935,5103,"1935/09"
"1935/10",1935,5135,"1935/10"
"1935/11",1935,5077,"1935/11"
"1935/12",1935,5499,"1935/12"
"1936/01",1936,5187,"1936/01"
"1936/02",1936,4802,"1936/02"
"1936/03",1936,5483,"1936/03"
"1936/04",1936,5047,"1936/04"
"1936/05",1936,5367,"1936/05"
"1936/06",1936,5029,"1936/06"
"1936/07",1936,4935,"1936/07"
"1936/08",1936,5238,"1936/08"
"1936/09",1936,5076,"1936/09"
"1936/10",1936,5466,"1936/10"
"1936/11",1936,5743,"1936/11"
"1936/12",1936,5264,"1936/12"
"1937/01",1937,5369,"1937/01"
"1937/02",1937,4555,"1937/02"
"1937/03",1937,5109,"1937/03"
"1937/04",1937,4883,"1937/04"
"1937/05",1937,5188,"1937/05"
"1937/06",1937,4703,"1937/06"
"1937/07",1937,4729,"1937/07"
"1937/08",1937,4989,"1937/08"
"1937/09",1937,4571,"1937/09"
"1937/10",1937,5260,"1937/10"
"1937/11",1937,4827,"1937/11"
"1937/12",1937,4805,"1937/12"
"1938/01",1938,5114,"1938/01"
"1938/02",1938,4335,"1938/02"
"1938/03",1938,4637,"1938/03"
"1938/04",1938,4317,"1938/04"
"1938/05",1938,4717,"1938/05"
"1938/06",1938,4424,"1938/06"
"1938/07",1938,4460,"1938/07"
"1938/08",1938,4192,"1938/08"
"1938/09",1938,4184,"1938/09"
"1938/10",1938,4709,"1938/10"
"1938/11",1938,4675,"1938/11"
"1938/12",1938,4656,"1938/12"
"1939/01",1939,5026,"1939/01"
"1939/02",1939,4182,"1939/02"
"1939/03",1939,5016,"1939/03"
"1939/04",1939,5145,"1939/04"
"1939/05",1939,4899,"1939/05"
"1939/06",1939,4581,"1939/06"
"1939/07",1939,4565,"1939/07"
"1939/08",1939,4447,"1939/08"
"1939/09",1939,4697,"1939/09"
"1939/10",1939,5205,"1939/10"
"1939/11",1939,4809,"1939/11"
"1939/12",1939,5244,"1939/12"
"1940/01",1940,5236,"1940/01"
"1940/02",1940,4376,"1940/02"
"1940/03",1940,4917,"1940/03"
"1940/04",1940,4770,"1940/04"
"1940/05",1940,4867,"1940/05"
"1940/06",1940,5033,"1940/06"
"1940/07",1940,4548,"1940/07"
"1940/08",1940,4550,"1940/08"
"1940/09",1940,4708,"1940/09"
"1940/10",1940,5013,"1940/10"
"1940/11",1940,4775,"1940/11"
"1940/12",1940,5172,"1940/12"
"1941/01",1941,5400,"1941/01"
"1941/02",1941,4919,"1941/02"
"1941/03",1941,5473,"1941/03"
"1941/04",1941,5093,"1941/04"
"1941/05",1941,5285,"1941/05"
"1941/06",1941,5386,"1941/06"
"1941/07",1941,4978,"1941/07"
"1941/08",1941,4969,"1941/08"
"1941/09",1941,4712,"1941/09"
"1941/10",1941,4977,"1941/10"
"1941/11",1941,5190,"1941/11"
"1941/12",1941,5525,"1941/12"
"1942/01",1942,5544,"1942/01"
"1942/02",1942,4741,"1942/02"
"1942/03",1942,5284,"1942/03"
"1942/04",1942,4590,"1942/04"
"1942/05",1942,4959,"1942/05"
"1942/06",1942,4759,"1942/06"
"1942/07",1942,4644,"1942/07"
"1942/08",1942,4793,"1942/08"
"1942/09",1942,4586,"1942/09"
"1942/10",1942,4897,"1942/10"
"1942/11",1942,4828,"1942/11"
"1942/12",1942,4814,"1942/12"
"1943/01",1943,5017,"1943/01"
"1943/02",1943,4169,"1943/02"
"1943/03",1943,4589,"1943/03"
"1943/04",1943,4491,"1943/04"
"1943/05",1943,4484,"1943/05"
"1943/06",1943,4134,"1943/06"
"1943/07",1943,4281,"1943/07"
"1943/08",1943,4121,"1943/08"
"1943/09",1943,4182,"1943/09"
"1943/10",1943,4449,"1943/10"
"1943/11",1943,4212,"1943/11"
"1943/12",1943,4185,"1943/12"
"1944/01",1944,4207,"1944/01"
"1944/02",1944,3826,"1944/02"
"1944/03",1944,4309,"1944/03"
"1944/04",1944,4265,"1944/04"
"1944/05",1944,4091,"1944/05"
"1944/06",1944,4157,"1944/06"
"1944/07",1944,4198,"1944/07"
"1944/08",1944,4007,"1944/08"
"1944/09",1944,3956,"1944/09"
"1944/10",1944,4485,"1944/10"
"1944/11",1944,4342,"1944/11"
"1944/12",1944,4286,"1944/12"
"1945/01",1945,3956,"1945/01"
"1945/02",1945,3620,"1945/02"
"1945/03",1945,4006,"1945/03"
"1945/04",1945,3929,"1945/04"
"1945/05",1945,3965,"1945/05"
"1945/06",1945,3671,"1945/06"
"1945/07",1945,3852,"1945/07"
"1945/08",1945,3895,"1945/08"
"1945/09",1945,3959,"1945/09"
"1945/10",1945,4185,"1945/10"
"1945/11",1945,3997,"1945/11"
"1945/12",1945,3981,"1945/12"
"1946/01",1946,4146,"1946/01"
"1946/02",1946,3882,"1946/02"
"1946/03",1946,4445,"1946/03"
"1946/04",1946,4203,"1946/04"
"1946/05",1946,4198,"1946/05"
"1946/06",1946,4384,"1946/06"
"1946/07",1946,4229,"1946/07"
"1946/08",1946,4315,"1946/08"
"1946/09",1946,3954,"1946/09"
"1946/10",1946,4730,"1946/10"
"1946/11",1946,4507,"1946/11"
"1946/12",1946,4621,"1946/12"
"1947/01",1947,4705,"1947/01"
"1947/02",1947,4274,"1947/02"
"1947/03",1947,5009,"1947/03"
"1947/04",1947,4715,"1947/04"
"1947/05",1947,4750,"1947/05"
"1947/06",1947,4563,"1947/06"
"1947/07",1947,4335,"1947/07"
"1947/08",1947,4470,"1947/08"
"1947/09",1947,4305,"1947/09"
"1947/10",1947,4511,"1947/10"
"1947/11",1947,4678,"1947/11"
"1947/12",1947,4554,"1947/12"
"1948/01",1948,4438,"1948/01"
"1948/02",1948,3891,"1948/02"
"1948/03",1948,4358,"1948/03"
"1948/04",1948,4083,"1948/04"
"1948/05",1948,4307,"1948/05"
"1948/06",1948,4164,"1948/06"
"1948/07",1948,4131,"1948/07"
"1948/08",1948,4097,"1948/08"
"1948/09",1948,3926,"1948/09"
"1948/10",1948,4661,"1948/10"
"1948/11",1948,4553,"1948/11"
"1948/12",1948,4631,"1948/12"
"1949/01",1949,5049,"1949/01"
"1949/02",1949,4152,"1949/02"
"1949/03",1949,4556,"1949/03"
"1949/04",1949,4382,"1949/04"
"1949/05",1949,4605,"1949/05"
"1949/06",1949,4252,"1949/06"
"1949/07",1949,4414,"1949/07"
"1949/08",1949,4356,"1949/08"
"1949/09",1949,4277,"1949/09"
"1949/10",1949,4662,"1949/10"
"1949/11",1949,4335,"1949/11"
"1949/12",1949,4618,"1949/12"
"1950/01",1950,4924,"1950/01"
"1950/02",1950,4050,"1950/02"
"1950/03",1950,4387,"1950/03"
"1950/04",1950,4588,"1950/04"
"1950/05",1950,4559,"1950/05"
"1950/06",1950,4218,"1950/06"
"1950/07",1950,4459,"1950/07"
"1950/08",1950,4326,"1950/08"
"1950/09",1950,4436,"1950/09"
"1950/10",1950,4683,"1950/10"
"1950/11",1950,4272,"1950/11"
"1950/12",1950,4200,"1950/12"
"1951/01",1951,4517,"1951/01"
"1951/02",1951,3902,"1951/02"
"1951/03",1951,4381,"1951/03"
"1951/04",1951,4454,"1951/04"
"1951/05",1951,4365,"1951/05"
"1951/06",1951,4114,"1951/06"
"1951/07",1951,4176,"1951/07"
"1951/08",1951,4225,"1951/08"
"1951/09",1951,4267,"1951/09"
"1951/10",1951,4471,"1951/10"
"1951/11",1951,4529,"1951/11"
"1951/12",1951,4441,"1951/12"
"1952/01",1952,4741,"1952/01"
"1952/02",1952,4109,"1952/02"
"1952/03",1952,4765,"1952/03"
"1952/04",1952,4399,"1952/04"
"1952/05",1952,4373,"1952/05"
"1952/06",1952,4174,"1952/06"
"1952/07",1952,4178,"1952/07"
"1952/08",1952,4145,"1952/08"
"1952/09",1952,4206,"1952/09"
"1952/10",1952,4425,"1952/10"
"1952/11",1952,4514,"1952/11"
"1952/12",1952,4324,"1952/12"
"1953/01",1953,4594,"1953/01"
"1953/02",1953,3983,"1953/02"
"1953/03",1953,4595,"1953/03"
"1953/04",1953,4290,"1953/04"
"1953/05",1953,4579,"1953/05"
"1953/06",1953,4138,"1953/06"
"1953/07",1953,4002,"1953/07"
"1953/08",1953,4127,"1953/08"
"1953/09",1953,4094,"1953/09"
"1953/10",1953,4468,"1953/10"
"1953/11",1953,4462,"1953/11"
"1953/12",1953,3461,"1953/12"
"1954/01",1954,4471,"1954/01"
"1954/02",1954,3890,"1954/02"
"1954/03",1954,4436,"1954/03"
"1954/04",1954,4186,"1954/04"
"1954/05",1954,4405,"1954/05"
"1954/06",1954,3768,"1954/06"
"1954/07",1954,3699,"1954/07"
"1954/08",1954,3924,"1954/08"
"1954/09",1954,3779,"1954/09"
"1954/10",1954,4230,"1954/10"
"1954/11",1954,4072,"1954/11"
"1954/12",1954,4047,"1954/12"
"1955/01",1955,4243,"1955/01"
"1955/02",1955,3700,"1955/02"
"1955/03",1955,4270,"1955/03"
"1955/04",1955,4035,"1955/04"
"1955/05",1955,4309,"1955/05"
"1955/06",1955,3799,"1955/06"
"1955/07",1955,3879,"1955/07"
"1955/08",1955,3813,"1955/08"
"1955/09",1955,3868,"1955/09"
"1955/10",1955,4199,"1955/10"
"1955/11",1955,4284,"1955/11"
"1955/12",1955,4197,"1955/12"
"1956/01",1956,4376,"1956/01"
"1956/02",1956,3700,"1956/02"
"1956/03",1956,4305,"1956/03"
"1956/04",1956,4274,"1956/04"
"1956/05",1956,4065,"1956/05"
"1956/06",1956,3835,"1956/06"
"1956/07",1956,3861,"1956/07"
"1956/08",1956,3865,"1956/08"
"1956/09",1956,4075,"1956/09"
"1956/10",1956,4232,"1956/10"
"1956/11",1956,4341,"1956/11"
"1956/12",1956,4231,"1956/12"
"1957/01",1957,4265,"1957/01"
"1957/02",1957,3661,"1957/02"
"1957/03",1957,4360,"1957/03"
"1957/04",1957,3930,"1957/04"
"1957/05",1957,4141,"1957/05"
"1957/06",1957,3860,"1957/06"
"1957/07",1957,3667,"1957/07"
"1957/08",1957,3750,"1957/08"
"1957/09",1957,4085,"1957/09"
"1957/10",1957,4461,"1957/10"
"1957/11",1957,4344,"1957/11"
"1957/12",1957,4502,"1957/12"
"1958/01",1958,4591,"1958/01"
"1958/02",1958,3782,"1958/02"
"1958/03",1958,4489,"1958/03"
"1958/04",1958,4161,"1958/04"
"1958/05",1958,4194,"1958/05"
"1958/06",1958,4029,"1958/06"
"1958/07",1958,3870,"1958/07"
"1958/08",1958,4088,"1958/08"
"1958/09",1958,4203,"1958/09"
"1958/10",1958,4401,"1958/10"
"1958/11",1958,4577,"1958/11"
"1958/12",1958,2062,"1958/12"
"1959/01",1959,4499,"1959/01"
"1959/02",1959,3887,"1959/02"
"1959/03",1959,4545,"1959/03"
"1959/04",1959,4139,"1959/04"
"1959/05",1959,4338,"1959/05"
"1959/06",1959,3816,"1959/06"
"1959/07",1959,3864,"1959/07"
"1959/08",1959,4058,"1959/08"
"1959/09",1959,4228,"1959/09"
"1959/10",1959,4373,"1959/10"
"1959/11",1959,4595,"1959/11"
"1959/12",1959,4188,"1959/12"
"1960/01",1960,4906,"1960/01"
"1960/02",1960,3971,"1960/02"
"1960/03",1960,4396,"1960/03"
"1960/04",1960,4246,"1960/04"
"1960/05",1960,4403,"1960/05"
"1960/06",1960,3998,"1960/06"
"1960/07",1960,4166,"1960/07"
"1960/08",1960,4065,"1960/08"
"1960/09",1960,4327,"1960/09"
"1960/10",1960,4764,"1960/10"
"1960/11",1960,4490,"1960/11"
"1960/12",1960,4164,"1960/12"
"1961/01",1961,4766,"1961/01"
"1961/02",1961,4093,"1961/02"
"1961/03",1961,4406,"1961/03"
"1961/04",1961,4307,"1961/04"
"1961/05",1961,4213,"1961/05"
"1961/06",1961,3931,"1961/06"
"1961/07",1961,4002,"1961/07"
"1961/08",1961,4041,"1961/08"
"1961/09",1961,4145,"1961/09"
"1961/10",1961,4710,"1961/10"
"1961/11",1961,4356,"1961/11"
"1961/12",1961,4489,"1961/12"
"1962/01",1962,4417,"1962/01"
"1962/02",1962,4103,"1962/02"
"1962/03",1962,4602,"1962/03"
"1962/04",1962,4502,"1962/04"
"1962/05",1962,4378,"1962/05"
"1962/06",1962,4036,"1962/06"
"1962/07",1962,4158,"1962/07"
"1962/08",1962,4155,"1962/08"
"1962/09",1962,4514,"1962/09"
"1962/10",1962,4595,"1962/10"
"1962/11",1962,4344,"1962/11"
"1962/12",1962,2383,"1962/12"
"1963/01",1963,1560,"1963/01"
"1963/02",1963,1397,"1963/02"
"1963/03",1963,1624,"1963/03"
"1963/04",1963,4655,"1963/04"
"1963/05",1963,4540,"1963/05"
"1963/06",1963,4420,"1963/06"
"1963/07",1963,4123,"1963/07"
"1963/08",1963,4079,"1963/08"
"1963/09",1963,4443,"1963/09"
"1963/10",1963,4533,"1963/10"
"1963/11",1963,4633,"1963/11"
"1963/12",1963,4663,"1963/12"
"1964/01",1964,5149,"1964/01"
"1964/02",1964,4416,"1964/02"
"1964/03",1964,5065,"1964/03"
"1964/04",1964,4819,"1964/04"
"1964/05",1964,4989,"1964/05"
"1964/06",1964,4298,"1964/06"
"1964/07",1964,4547,"1964/07"
"1964/08",1964,4551,"1964/08"
"1964/09",1964,4509,"1964/09"
"1964/10",1964,4983,"1964/10"
"1964/11",1964,4783,"1964/11"
"1964/12",1964,4661,"1964/12"
"1965/01",1965,4754,"1965/01"
"1965/02",1965,4157,"1965/02"
"1965/03",1965,4455,"1965/03"
"1965/04",1965,4344,"1965/04"
"1965/05",1965,4578,"1965/05"
"1965/06",1965,4136,"1965/06"
"1965/07",1965,4069,"1965/07"
"1965/08",1965,4261,"1965/08"
"1965/09",1965,2845,"1965/09"
"1965/10",1965,3419,"1965/10"
"1965/11",1965,4332,"1965/11"
"1965/12",1965,4384,"1965/12"
"1966/01",1966,5014,"1966/01"
"1966/02",1966,4052,"1966/02"
"1966/03",1966,4498,"1966/03"
"1966/04",1966,4216,"1966/04"
"1966/05",1966,4561,"1966/05"
"1966/06",1966,4153,"1966/06"
"1966/07",1966,4221,"1966/07"
"1966/08",1966,4019,"1966/08"
"1966/09",1966,4139,"1966/09"
"1966/10",1966,4633,"1966/10"
"1966/11",1966,4432,"1966/11"
"1966/12",1966,4378,"1966/12"
"1967/01",1967,4745,"1967/01"
"1967/02",1967,3904,"1967/02"
"1967/03",1967,4418,"1967/03"
"1967/04",1967,4358,"1967/04"
"1967/05",1967,4287,"1967/05"
"1967/06",1967,4018,"1967/06"
"1967/07",1967,3896,"1967/07"
"1967/08",1967,3865,"1967/08"
"1967/09",1967,3939,"1967/09"
"1967/10",1967,4337,"1967/10"
"1967/11",1967,4041,"1967/11"
"1967/12",1967,4050,"1967/12"
"1968/01",1968,4316,"1968/01"
"1968/02",1968,4038,"1968/02"
"1968/03",1968,4505,"1968/03"
"1968/04",1968,4196,"1968/04"
"1968/05",1968,4227,"1968/05"
"1968/06",1968,4001,"1968/06"
"1968/07",1968,3862,"1968/07"
"1968/08",1968,4061,"1968/08"
"1968/09",1968,4191,"1968/09"
"1968/10",1968,4287,"1968/10"
"1968/11",1968,4229,"1968/11"
"1968/12",1968,4208,"1968/12"
"1969/01",1969,4465,"1969/01"
"1969/02",1969,3802,"1969/02"
"1969/03",1969,4390,"1969/03"
"1969/04",1969,4013,"1969/04"
"1969/05",1969,4059,"1969/05"
"1969/06",1969,3833,"1969/06"
"1969/07",1969,3693,"1969/07"
"1969/08",1969,3772,"1969/08"
"1969/09",1969,3962,"1969/09"
"1969/10",1969,4201,"1969/10"
"1969/11",1969,4369,"1969/11"
"1969/12",1969,4071,"1969/12"
"1970/01",1970,4289,"1970/01"
"1970/02",1970,3776,"1970/02"
"1970/03",1970,4210,"1970/03"
"1970/04",1970,3732,"1970/04"
"1970/05",1970,3997,"1970/05"
"1970/06",1970,3827,"1970/06"
"1970/07",1970,3652,"1970/07"
"1970/08",1970,3719,"1970/08"
"1970/09",1970,3854,"1970/09"
"1970/10",1970,3922,"1970/10"
"1970/11",1970,3929,"1970/11"
"1970/12",1970,3969,"1970/12"
"1971/01",1971,4354,"1971/01"
"1971/02",1971,3669,"1971/02"
"1971/03",1971,4120,"1971/03"
"1971/04",1971,4025,"1971/04"
"1971/05",1971,4167,"1971/05"
"1971/06",1971,3904,"1971/06"
"1971/07",1971,3901,"1971/07"
"1971/08",1971,3851,"1971/08"
"1971/09",1971,3809,"1971/09"
"1971/10",1971,4289,"1971/10"
"1971/11",1971,4159,"1971/11"
"1971/12",1971,4113,"1971/12"
"1972/01",1972,4335,"1972/01"
"1972/02",1972,3950,"1972/02"
"1972/03",1972,4086,"1972/03"
"1972/04",1972,4339,"1972/04"
"1972/05",1972,4134,"1972/05"
"1972/06",1972,3740,"1972/06"
"1972/07",1972,4070,"1972/07"
"1972/08",1972,3708,"1972/08"
"1972/09",1972,4144,"1972/09"
"1972/10",1972,5046,"1972/10"
"1972/11",1972,4633,"1972/11"
"1972/12",1972,4835,"1972/12"
"1973/01",1973,4676,"1973/01"
"1973/02",1973,4220,"1973/02"
"1973/03",1973,4584,"1973/03"
"1973/04",1973,4571,"1973/04"
"1973/05",1973,4285,"1973/05"
"1973/06",1973,4272,"1973/06"
"1973/07",1973,4109,"1973/07"
"1973/08",1973,3939,"1973/08"
"1973/09",1973,4368,"1973/09"
"1973/10",1973,4637,"1973/10"
"1973/11",1973,4546,"1973/11"
"1973/12",1973,4588,"1973/12"
"1974/01",1974,4072,"1974/01"
"1974/02",1974,4114,"1974/02"
"1974/03",1974,4561,"1974/03"
"1974/04",1974,4268,"1974/04"
"1974/05",1974,4285,"1974/05"
"1974/06",1974,4368,"1974/06"
"1974/07",1974,4144,"1974/07"
"1974/08",1974,4217,"1974/08"
"1974/09",1974,4288,"1974/09"
"1974/10",1974,4744,"1974/10"
"1974/11",1974,3981,"1974/11"
"1974/12",1974,4605,"1974/12"
"1975/01",1975,4276,"1975/01"
"1975/02",1975,3644,"1975/02"
"1975/03",1975,4724,"1975/03"
"1975/04",1975,4476,"1975/04"
"1975/05",1975,4558,"1975/05"
"1975/06",1975,4356,"1975/06"
"1975/07",1975,4251,"1975/07"
"1975/08",1975,4362,"1975/08"
"1975/09",1975,4431,"1975/09"
"1975/10",1975,4632,"1975/10"
"1975/11",1975,4805,"1975/11"
"1975/12",1975,4471,"1975/12"
"1976/01",1976,3154,"1976/01"
"1976/02",1976,3133,"1976/02"
"1976/03",1976,4617,"1976/03"
"1976/04",1976,4249,"1976/04"
"1976/05",1976,4663,"1976/05"
"1976/06",1976,4392,"1976/06"
"1976/07",1976,4358,"1976/07"
"1976/08",1976,4318,"1976/08"
"1976/09",1976,4089,"1976/09"
"1976/10",1976,4329,"1976/10"
"1976/11",1976,3439,"1976/11"
"1976/12",1976,4403,"1976/12"
"1977/01",1977,3973,"1977/01"
"1977/02",1977,3804,"1977/02"
"1977/03",1977,4750,"1977/03"
"1977/04",1977,4459,"1977/04"
"1977/05",1977,4802,"1977/05"
"1977/06",1977,4415,"1977/06"
"1977/07",1977,4471,"1977/07"
"1977/08",1977,4486,"1977/08"
"1977/09",1977,4514,"1977/09"
"1977/10",1977,4784,"1977/10"
"1977/11",1977,4716,"1977/11"
"1977/12",1977,4653,"1977/12"
"1978/01",1978,4717,"1978/01"
"1978/02",1978,4369,"1978/02"
"1978/03",1978,4737,"1978/03"
"1978/04",1978,4709,"1978/04"
"1978/05",1978,4760,"1978/05"
"1978/06",1978,4589,"1978/06"
"1978/07",1978,4635,"1978/07"
"1978/08",1978,1296,"1978/08"
"1978/09",1978,0,"1978/09"
"1978/10",1978,0,"1978/10"
"1978/11",1978,3652,"1978/11"
"1978/12",1978,4586,"1978/12"
"1979/01",1979,4271,"1979/01"
"1979/02",1979,4161,"1979/02"
"1979/03",1979,4485,"1979/03"
"1979/04",1979,4551,"1979/04"
"1979/05",1979,4389,"1979/05"
"1979/06",1979,4093,"1979/06"
"1979/07",1979,4138,"1979/07"
"1979/08",1979,3955,"1979/08"
"1979/09",1979,4288,"1979/09"
"1979/10",1979,4466,"1979/10"
"1979/11",1979,4411,"1979/11"
"1979/12",1979,4573,"1979/12"
"1980/01",1980,4304,"1980/01"
"1980/02",1980,4048,"1980/02"
"1980/03",1980,4449,"1980/03"
"1980/04",1980,4249,"1980/04"
"1980/05",1980,4208,"1980/05"
"1980/06",1980,4091,"1980/06"
"1980/07",1980,3874,"1980/07"
"1980/08",1980,4192,"1980/08"
"1980/09",1980,4162,"1980/09"
"1980/10",1980,4510,"1980/10"
"1980/11",1980,4549,"1980/11"
"1980/12",1980,4250,"1980/12"
"1981/01",1981,4473,"1981/01"
"1981/02",1981,4119,"1981/02"
"1981/03",1981,4778,"1981/03"
"1981/04",1981,4397,"1981/04"
"1981/05",1981,4690,"1981/05"
"1981/06",1981,4658,"1981/06"
"1981/07",1981,4351,"1981/07"
"1981/08",1981,4612,"1981/08"
"1981/09",1981,4453,"1981/09"
"1981/10",1981,4813,"1981/10"
"1981/11",1981,4990,"1981/11"
"1981/12",1981,4758,"1981/12"
"1982/01",1982,4967,"1982/01"
"1982/02",1982,4417,"1982/02"
"1982/03",1982,4656,"1982/03"
"1982/04",1982,4712,"1982/04"
"1982/05",1982,4956,"1982/05"
"1982/06",1982,4705,"1982/06"
"1982/07",1982,4500,"1982/07"
"1982/08",1982,4737,"1982/08"
"1982/09",1982,4479,"1982/09"
"1982/10",1982,5096,"1982/10"
"1982/11",1982,4674,"1982/11"
"1982/12",1982,4671,"1982/12"
"1983/01",1983,4664,"1983/01"
"1983/02",1983,4286,"1983/02"
"1983/03",1983,4819,"1983/03"
"1983/04",1983,4545,"1983/04"
"1983/05",1983,4787,"1983/05"
"1983/06",1983,4429,"1983/06"
"1983/07",1983,4601,"1983/07"
"1983/08",1983,4433,"1983/08"
"1983/09",1983,4445,"1983/09"
"1983/10",1983,5039,"1983/10"
"1983/11",1983,4867,"1983/11"
"1983/12",1983,4712,"1983/12"
"1984/01",1984,4857,"1984/01"
"1984/02",1984,4566,"1984/02"
"1984/03",1984,4919,"1984/03"
"1984/04",1984,4935,"1984/04"
"1984/05",1984,4902,"1984/05"
"1984/06",1984,4703,"1984/06"
"1984/07",1984,4863,"1984/07"
"1984/08",1984,4842,"1984/08"
"1984/09",1984,4924,"1984/09"
"1984/10",1984,5108,"1984/10"
"1984/11",1984,5033,"1984/11"
"1984/12",1984,4949,"1984/12"
"1985/01",1985,4587,"1985/01"
"1985/02",1985,4319,"1985/02"
"1985/03",1985,5122,"1985/03"
"1985/04",1985,4547,"1985/04"
"1985/05",1985,4941,"1985/05"
"1985/06",1985,4969,"1985/06"
"1985/07",1985,4360,"1985/07"
"1985/08",1985,4592,"1985/08"
"1985/09",1985,5128,"1985/09"
"1985/10",1985,5092,"1985/10"
"1985/11",1985,5044,"1985/11"
"1985/12",1985,5124,"1985/12"
"1986/01",1986,4915,"1986/01"
"1986/02",1986,4672,"1986/02"
"1986/03",1986,5349,"1986/03"
"1986/04",1986,4834,"1986/04"
"1986/05",1986,4956,"1986/05"
"1986/06",1986,5040,"1986/06"
"1986/07",1986,4629,"1986/07"
"1986/08",1986,4965,"1986/08"
"1986/09",1986,4872,"1986/09"
"1986/10",1986,5289,"1986/10"
"1986/11",1986,5321,"1986/11"
"1986/12",1986,5177,"1986/12"
"1987/01",1987,4976,"1987/01"
"1987/02",1987,4489,"1987/02"
"1987/03",1987,5243,"1987/03"
"1987/04",1987,4857,"1987/04"
"1987/05",1987,5105,"1987/05"
"1987/06",1987,4601,"1987/06"
"1987/07",1987,4631,"1987/07"
"1987/08",1987,4882,"1987/08"
"1987/09",1987,4660,"1987/09"
"1987/10",1987,5266,"1987/10"
"1987/11",1987,5240,"1987/11"
"1987/12",1987,5069,"1987/12"
"1988/01",1988,4977,"1988/01"
"1988/02",1988,4599,"1988/02"
"1988/03",1988,4979,"1988/03"
"1988/04",1988,4834,"1988/04"
"1988/05",1988,5081,"1988/05"
"1988/06",1988,4669,"1988/06"
"1988/07",1988,4764,"1988/07"
"1988/08",1988,4597,"1988/08"
"1988/09",1988,4918,"1988/09"
"1988/10",1988,5285,"1988/10"
"1988/11",1988,4955,"1988/11"
"1988/12",1988,4806,"1988/12"
"1989/01",1989,4970,"1989/01"
"1989/02",1989,4394,"1989/02"
"1989/03",1989,4947,"1989/03"
"1989/04",1989,4983,"1989/04"
"1989/05",1989,4833,"1989/05"
"1989/06",1989,4568,"1989/06"
"1989/07",1989,4612,"1989/07"
"1989/08",1989,4449,"1989/08"
"1989/09",1989,4456,"1989/09"
"1989/10",1989,5087,"1989/10"
"1989/11",1989,4798,"1989/11"
"1989/12",1989,4959,"1989/12"
"1990/01",1990,4753,"1990/01"
"1990/02",1990,4437,"1990/02"
"1990/03",1990,4869,"1990/03"
"1990/04",1990,4769,"1990/04"
"1990/05",1990,4634,"1990/05"
"1990/06",1990,4448,"1990/06"
"1990/07",1990,4572,"1990/07"
"1990/08",1990,4440,"1990/08"
"1990/09",1990,4725,"1990/09"
"1990/10",1990,4838,"1990/10"
"1990/11",1990,4560,"1990/11"
"1990/12",1990,4582,"1990/12"
"1991/01",1991,4553,"1991/01"
"1991/02",1991,4179,"1991/02"
"1991/03",1991,4746,"1991/03"
"1991/04",1991,4536,"1991/04"
"1991/05",1991,4459,"1991/05"
"1991/06",1991,4417,"1991/06"
"1991/07",1991,4546,"1991/07"
"1991/08",1991,4321,"1991/08"
"1991/09",1991,4364,"1991/09"
"1991/10",1991,4531,"1991/10"
"1991/11",1991,4552,"1991/11"
"1991/12",1991,4753,"1991/12"
"1992/01",1992,4523,"1992/01"
"1992/02",1992,4348,"1992/02"
"1992/03",1992,4913,"1992/03"
"1992/04",1992,4647,"1992/04"
"1992/05",1992,4666,"1992/05"
"1992/06",1992,4446,"1992/06"
"1992/07",1992,4612,"1992/07"
"1992/08",1992,4534,"1992/08"
"1992/09",1992,4311,"1992/09"
"1992/10",1992,4640,"1992/10"
"1992/11",1992,4617,"1992/11"
"1992/12",1992,4380,"1992/12"
"1993/01",1993,4719,"1993/01"
"1993/02",1993,4172,"1993/02"
"1993/03",1993,4527,"1993/03"
"1993/04",1993,4463,"1993/04"
"1993/05",1993,4558,"1993/05"
"1993/06",1993,4428,"1993/06"
"1993/07",1993,4358,"1993/07"
"1993/08",1993,4377,"1993/08"
"1993/09",1993,4417,"1993/09"
"1993/10",1993,5057,"1993/10"
"1993/11",1993,4712,"1993/11"
"1993/12",1993,4370,"1993/12"
"1994/01",1994,4644,"1994/01"
"1994/02",1994,4254,"1994/02"
"1994/03",1994,4613,"1994/03"
"1994/04",1994,4407,"1994/04"
"1994/05",1994,4716,"1994/05"
"1994/06",1994,4428,"1994/06"
"1994/07",1994,4492,"1994/07"
"1994/08",1994,4178,"1994/08"
"1994/09",1994,4242,"1994/09"
"1994/10",1994,4811,"1994/10"
"1994/11",1994,4478,"1994/11"
"1994/12",1994,4271,"1994/12"
"1995/01",1995,4621,"1995/01"
"1995/02",1995,4105,"1995/02"
"1995/03",1995,4527,"1995/03"
"1995/04",1995,4703,"1995/04"
"1995/05",1995,4507,"1995/05"
"1995/06",1995,4456,"1995/06"
"1995/07",1995,4473,"1995/07"
"1995/08",1995,4355,"1995/08"
"1995/09",1995,4316,"1995/09"
"1995/10",1995,6060,"1995/10"
"1995/11",1995,4671,"1995/11"
"1995/12",1995,4881,"1995/12"
"1996/01",1996,4656,"1996/01"
"1996/02",1996,4312,"1996/02"
"1996/03",1996,4888,"1996/03"
"1996/04",1996,4554,"1996/04"
"1996/05",1996,4581,"1996/05"
"1996/06",1996,4621,"1996/06"
"1996/07",1996,4642,"1996/07"
"1996/08",1996,4166,"1996/08"
"1996/09",1996,4482,"1996/09"
"1996/10",1996,4604,"1996/10"
"1996/11",1996,4383,"1996/11"
"1996/12",1996,4351,"1996/12"
"1997/01",1997,4386,"1997/01"
"1997/02",1997,4016,"1997/02"
"1997/03",1997,4579,"1997/03"
"1997/04",1997,4292,"1997/04"
"1997/05",1997,4404,"1997/05"
"1997/06",1997,4481,"1997/06"
"1997/07",1997,4289,"1997/07"
"1997/08",1997,4301,"1997/08"
"1997/09",1997,4523,"1997/09"
"1997/10",1997,5039,"1997/10"
"1997/11",1997,4959,"1997/11"
"1997/12",1997,4629,"1997/12"
"1998/01",1998,4794,"1998/01"
"1998/02",1998,4474,"1998/02"
"1998/03",1998,5127,"1998/03"
"1998/04",1998,4724,"1998/04"
"1998/05",1998,4949,"1998/05"
"1998/06",1998,4758,"1998/06"
"1998/07",1998,4771,"1998/07"
"1998/08",1998,4791,"1998/08"
"1998/09",1998,4996,"1998/09"
"1998/10",1998,5270,"1998/10"
"1998/11",1998,5221,"1998/11"
"1998/12",1998,5037,"1998/12"
"1999/01",1999,5204,"1999/01"
"1999/02",1999,4652,"1999/02"
"1999/03",1999,5177,"1999/03"
"1999/04",1999,4972,"1999/04"
"1999/05",1999,5161,"1999/05"
"1999/06",1999,4983,"1999/06"
"1999/07",1999,4818,"1999/07"
"1999/08",1999,4782,"1999/08"
"1999/09",1999,4901,"1999/09"
"1999/10",1999,5526,"1999/10"
"1999/11",1999,5019,"1999/11"
"1999/12",1999,5005,"1999/12"
"2000/01",2000,5296,"2000/01"
"2000/02",2000,4924,"2000/02"
"2000/03",2000,5462,"2000/03"
"2000/04",2000,5209,"2000/04"
"2000/05",2000,5265,"2000/05"
"2000/06",2000,5323,"2000/06"
"2000/07",2000,5307,"2000/07"
"2000/08",2000,5228,"2000/08"
"2000/09",2000,6232,"2000/09"
"2000/10",2000,6383,"2000/10"
"2000/11",2000,5578,"2000/11"
"2000/12",2000,5417,"2000/12"
"2001/01",2001,5888,"2001/01"
"2001/02",2001,5303,"2001/02"
"2001/03",2001,5887,"2001/03"
"2001/04",2001,5689,"2001/04"
"2001/05",2001,5956,"2001/05"
"2001/06",2001,5745,"2001/06"
"2001/07",2001,5715,"2001/07"
"2001/08",2001,5541,"2001/08"
"2001/09",2001,6076,"2001/09"
"2001/10",2001,6580,"2001/10"
"2001/11",2001,6097,"2001/11"
"2001/12",2001,6150,"2001/12"
"2002/01",2002,5575,"2002/01"
"2002/02",2002,5478,"2002/02"
"2002/03",2002,5547,"2002/03"
"2002/04",2002,6392,"2002/04"
"2002/05",2002,5748,"2002/05"
"2002/06",2002,5996,"2002/06"
"2002/07",2002,5567,"2002/07"
"2002/08",2002,5301,"2002/08"
"2002/09",2002,5931,"2002/09"
"2002/10",2002,6355,"2002/10"
"2002/11",2002,5831,"2002/11"
"2002/12",2002,5799,"2002/12"
"2003/01",2003,5913,"2003/01"
"2003/02",2003,5629,"2003/02"
"2003/03",2003,6653,"2003/03"
"2003/04",2003,6172,"2003/04"
"2003/05",2003,5854,"2003/05"
"2003/06",2003,5894,"2003/06"
"2003/07",2003,5483,"2003/07"
"2003/08",2003,5420,"2003/08"
"2003/09",2003,5408,"2003/09"
"2003/10",2003,6004,"2003/10"
"2003/11",2003,5807,"2003/11"
"2003/12",2003,5577,"2003/12"
"2004/01",2004,5608,"2004/01"
"2004/02",2004,5340,"2004/02"
"2004/03",2004,5899,"2004/03"
"2004/04",2004,5491,"2004/04"
"2004/05",2004,5795,"2004/05"
"2004/06",2004,5614,"2004/06"
"2004/07",2004,5776,"2004/07"
"2004/08",2004,5732,"2004/08"
"2004/09",2004,5652,"2004/09"
"2004/10",2004,6838,"2004/10"
"2004/11",2004,5541,"2004/11"
"2004/12",2004,5658,"2004/12"
"2005/01",2005,6599,"2005/01"
"2005/02",2005,5844,"2005/02"
"2005/03",2005,6493,"2005/03"
"2005/04",2005,6509,"2005/04"
"2005/05",2005,6770,"2005/05"
"2005/06",2005,6606,"2005/06"
"2005/07",2005,6669,"2005/07"
"2005/08",2005,6391,"2005/08"
"2005/09",2005,6803,"2005/09"
"2005/10",2005,6790,"2005/10"
"2005/11",2005,6562,"2005/11"
"2005/12",2005,6502,"2005/12"
"2006/01",2006,7800,"2006/01"
"2006/02",2006,7146,"2006/02"
"2006/03",2006,8336,"2006/03"
"2006/04",2006,8427,"2006/04"
"2006/05",2006,12086,"2006/05"
"2006/06",2006,12713,"2006/06"
"2006/07",2006,11999,"2006/07"
"2006/08",2006,11954,"2006/08"
"2006/09",2006,12355,"2006/09"
"2006/10",2006,14097,"2006/10"
"2006/11",2006,11857,"2006/11"
"2006/12",2006,11711,"2006/12"
"2007/01",2007,7870,"2007/01"
"2007/02",2007,7098,"2007/02"
"2007/03",2007,8311,"2007/03"
"2007/04",2007,7810,"2007/04"
"2007/05",2007,7801,"2007/05"
"2007/06",2007,7838,"2007/06"
"2007/07",2007,8205,"2007/07"
"2007/08",2007,8092,"2007/08"
"2007/09",2007,8613,"2007/09"
"2007/10",2007,8956,"2007/10"
"2007/11",2007,9030,"2007/11"
"2007/12",2007,7043,"2007/12"
"2008/01",2008,9206,"2008/01"
"2008/02",2008,8297,"2008/02"
"2008/03",2008,9287,"2008/03"
"2008/04",2008,9192,"2008/04"
"2008/05",2008,9360,"2008/05"
"2008/06",2008,9314,"2008/06"
"2008/07",2008,9307,"2008/07"
"2008/08",2008,9995,"2008/08"
"2008/09",2008,10254,"2008/09"
"2008/10",2008,12383,"2008/10"
"2008/11",2008,10409,"2008/11"
"2008/12",2008,9011,"2008/12"
"2009/01",2009,9997,"2009/01"
"2009/02",2009,9226,"2009/02"
"2009/03",2009,9184,"2009/03"
"2009/04",2009,8114,"2009/04"
"2009/05",2009,10228,"2009/05"
"2009/06",2009,10163,"2009/06"
"2009/07",2009,9482,"2009/07"
"2009/08",2009,8997,"2009/08"
"2009/09",2009,10025,"2009/09"
"2009/10",2009,10806,"2009/10"
"2009/11",2009,7504,"2009/11"
"2009/12",2009,7335,"2009/12"
"2010/01",2010,6958,"2010/01"
"2010/02",2010,6529,"2010/02"
"2010/03",2010,7331,"2010/03"
"2010/04",2010,6876,"2010/04"
"2010/05",2010,6911,"2010/05"
"2010/06",2010,6960,"2010/06"
"2010/07",2010,6498,"2010/07"
"2010/08",2010,6087,"2010/08"
"2010/09",2010,6731,"2010/09"
"2010/10",2010,6947,"2010/10"
"2010/11",2010,6509,"2010/11"
"2010/12",2010,6112,"2010/12"
"2011/01",2011,6316,"2011/01"
"2011/02",2011,5729,"2011/02"
"2011/03",2011,6714,"2011/03"
"2011/04",2011,6127,"2011/04"
"2011/05",2011,6173,"2011/05"
"2011/06",2011,6138,"2011/06"
"2011/07",2011,5674,"2011/07"
"2011/08",2011,5604,"2011/08"
"2011/09",2011,6346,"2011/09"
"2011/10",2011,6408,"2011/10"
"2011/11",2011,6381,"2011/11"
"2011/12",2011,6242,"2011/12"
"2012/01",2012,6470,"2012/01"
"2012/02",2012,6068,"2012/02"
"2012/03",2012,6792,"2012/03"
"2012/04",2012,5960,"2012/04"
"2012/05",2012,6562,"2012/05"
"2012/06",2012,6308,"2012/06"
"2012/07",2012,5755,"2012/07"
"2012/08",2012,5911,"2012/08"
"2012/09",2012,5864,"2012/09"
"2012/10",2012,6428,"2012/10"
"2012/11",2012,5948,"2012/11"
"2012/12",2012,5259,"2012/12"
"2013/01",2013,5902,"2013/01"
"2013/02",2013,5409,"2013/02"
"2013/03",2013,5911,"2013/03"
"2013/04",2013,5658,"2013/04"
"2013/05",2013,5884,"2013/05"
"2013/06",2013,5339,"2013/06"
"2013/07",2013,5030,"2013/07"
"2013/08",2013,4853,"2013/08"
"2013/09",2013,5135,"2013/09"
"2013/10",2013,5603,"2013/10"
"2013/11",2013,5141,"2013/11"
"2013/12",2013,4870,"2013/12"
"2014/01",2014,5320,"2014/01"
"2014/02",2014,4894,"2014/02"
"2014/03",2014,5250,"2014/03"
"2014/04",2014,5249,"2014/04"
"2014/05",2014,5541,"2014/05"
"2014/06",2014,5366,"2014/06"
"2014/07",2014,5031,"2014/07"
"2014/08",2014,4803,"2014/08"
"2014/09",2014,5337,"2014/09"
"2014/10",2014,5759,"2014/10"
"2014/11",2014,4951,"2014/11"
"2014/12",2014,4884,"2014/12"
"2015/01",2015,4782,"2015/01"
"2015/02",2015,4315,"2015/02"
"2015/03",2015,4956,"2015/03"
"2015/04",2015,4713,"2015/04"
"2015/05",2015,4760,"2015/05"
"2015/06",2015,4796,"2015/06"
"2015/07",2015,4656,"2015/07"
"2015/08",2015,4276,"2015/08"
"2015/09",2015,4728,"2015/09"
"2015/10",2015,5231,"2015/10"
"2015/11",2015,4585,"2015/11"
"2015/12",2015,4659,"2015/12"
"2016/01",2016,4563,"2016/01"
"2016/02",2016,4333,"2016/02"
"2016/03",2016,4836,"2016/03"
"2016/04",2016,4433,"2016/04"
"2016/05",2016,4358,"2016/05"
"2016/06",2016,4302,"2016/06"
"2016/07",2016,4061,"2016/07"
"2016/08",2016,3902,"2016/08"
"2016/09",2016,4220,"2016/09"
"2016/10",2016,4202,"2016/10"
"2016/11",2016,4074,"2016/11"
"2016/12",2016,3811,"2016/12"
"2017/01",2017,3866,"2017/01"
"2017/02",2017,3675,"2017/02"
"2017/03",2017,4344,"2017/03"
"2017/04",2017,3835,"2017/04"
"2017/05",2017,4245,"2017/05"
"2017/06",2017,4127,"2017/06"
"2017/07",2017,3755,"2017/07"
"2017/08",2017,3827,"2017/08"
"2017/09",2017,3970,"2017/09"
"2017/10",2017,4177,"2017/10"
"2017/11",2017,3989,"2017/11"
"2017/12",2017,3619,"2017/12"
"2018/01",2018,3823,"2018/01"
"2018/02",2018,3601,"2018/02"
"2018/03",2018,4199,"2018/03"
"2018/04",2018,3834,"2018/04"
"2018/05",2018,4210,"2018/05"
"2018/06",2018,4004,"2018/06"
"2018/07",2018,3653,"2018/07"
"2018/08",2018,3733,"2018/08"
"2018/09",2018,3829,"2018/09"
"2018/10",2018,4177,"2018/10"
"2018/11",2018,3983,"2018/11"
"2018/12",2018,3509,"2018/12"
"2019/01",2019,3768,"2019/01"
"2019/02",2019,3490,"2019/02"
"2019/03",2019,4035,"2019/03"
"2019/04",2019,3761,"2019/04"
"2019/05",2019,4001,"2019/05"
"2019/06",2019,3703,"2019/06"
"2019/07",2019,3641,"2019/07"
"2019/08",2019,3455,"2019/08"
"2019/09",2019,3741,"2019/09"
"2019/10",2019,4240,"2019/10"
"2019/11",2019,3795,"2019/11"
"2019/12",2019,3336,"2019/12"
"2020/01",2020,3802,"2020/01"
"2020/02",2020,3486,"2020/02"
"2020/03",2020,4315,"2020/03"
"2020/04",2020,4419,"2020/04"
"2020/05",2020,3802,"2020/05"
"2020/06",2020,3776,"2020/06"
"2020/07",2020,3761,"2020/07"
"2020/08",2020,3631,"2020/08"
"2020/09",2020,3862,"2020/09"
"2020/10",2020,4309,"2020/10"
"2020/11",2020,3761,"2020/11"
"2020/12",2020,3537,"2020/12"
"2021/01",2021,3750,"2021/01"
"2021/02",2021,3461,"2021/02"
"2021/03",2021,3891,"2021/03"
"2021/04",2021,3730,"2021/04"
"2021/05",2021,3609,"2021/05"
"2021/06",2021,3560,"2021/06"
"2021/07",2021,3518,"2021/07"
"2021/08",2021,3383,"2021/08"
"2021/09",2021,3610,"2021/09"
"2021/10",2021,3629,"2021/10"
"2021/11",2021,3411,"2021/11"
"2021/12",2021,3294,"2021/12"
"2022/01",2022,3190,"2022/01"
"2022/02",2022,3330,"2022/02"
"2022/03",2022,3722,"2022/03"
"2022/04",2022,3361,"2022/04"
"2022/05",2022,3426,"2022/05"
"2022/06",2022,3473,"2022/06"
"2022/07",2022,3247,"2022/07"
"2022/08",2022,3179,"2022/08"
"2022/09",2022,3435,"2022/09"
"2022/10",2022,3379,"2022/10"
"2022/11",2022,3342,"2022/11"
"2022/12",2022,3043,"2022/12"
"2023/01",2023,3014,"2023/01"
"2023/02",2023,2824,"2023/02"
"2023/03",2023,3445,"2023/03"
"2023/04",2023,3201,"2023/04"
"2023/05",2023,3361,"2023/05"
"2023/06",2023,3167,"2023/06"
"2023/07",2023,0,"2023/07"
"2023/08",2023,0,"2023/08"
"2023/09",2023,0,"2023/09"
"2023/10",2023,0,"2023/10"
"2023/11",2023,0,"2023/11"
"2023/12",2023,0,"2023/12"
