"date","base"
"1632/01",2
"1632/02",0
"1632/03",0
"1632/04",0
"1632/05",0
"1632/06",0
"1632/07",0
"1632/08",0
"1632/09",0
"1632/10",0
"1632/11",0
"1632/12",0
"1633/01",1
"1633/02",0
"1633/03",0
"1633/04",0
"1633/05",0
"1633/06",0
"1633/07",0
"1633/08",0
"1633/09",0
"1633/10",0
"1633/11",0
"1633/12",0
"1634/01",1
"1634/02",0
"1634/03",0
"1634/04",0
"1634/05",0
"1634/06",0
"1634/07",0
"1634/08",0
"1634/09",0
"1634/10",0
"1634/11",0
"1634/12",0
"1635/01",1
"1635/02",0
"1635/03",0
"1635/04",0
"1635/05",0
"1635/06",0
"1635/07",0
"1635/08",0
"1635/09",0
"1635/10",0
"1635/11",0
"1635/12",0
"1636/01",1
"1636/02",0
"1636/03",0
"1636/04",0
"1636/05",0
"1636/06",0
"1636/07",0
"1636/08",0
"1636/09",0
"1636/10",0
"1636/11",0
"1636/12",0
"1637/01",0
"1637/02",0
"1637/03",0
"1637/04",0
"1637/05",0
"1637/06",0
"1637/07",0
"1637/08",0
"1637/09",0
"1637/10",0
"1637/11",0
"1637/12",0
"1638/01",0
"1638/02",0
"1638/03",0
"1638/04",0
"1638/05",0
"1638/06",0
"1638/07",0
"1638/08",0
"1638/09",0
"1638/10",0
"1638/11",0
"1638/12",0
"1639/01",0
"1639/02",0
"1639/03",0
"1639/04",0
"1639/05",0
"1639/06",0
"1639/07",0
"1639/08",0
"1639/09",0
"1639/10",0
"1639/11",0
"1639/12",0
"1640/01",1
"1640/02",0
"1640/03",0
"1640/04",0
"1640/05",0
"1640/06",0
"1640/07",0
"1640/08",0
"1640/09",0
"1640/10",0
"1640/11",0
"1640/12",0
"1641/01",1
"1641/02",0
"1641/03",0
"1641/04",0
"1641/05",0
"1641/06",0
"1641/07",0
"1641/08",0
"1641/09",0
"1641/10",0
"1641/11",0
"1641/12",0
"1642/01",1
"1642/02",0
"1642/03",0
"1642/04",0
"1642/05",0
"1642/06",0
"1642/07",1
"1642/08",0
"1642/09",0
"1642/10",0
"1642/11",0
"1642/12",0
"1643/01",1
"1643/02",0
"1643/03",0
"1643/04",0
"1643/05",0
"1643/06",0
"1643/07",0
"1643/08",0
"1643/09",0
"1643/10",0
"1643/11",0
"1643/12",0
"1644/01",84
"1644/02",4
"1644/03",6
"1644/04",6
"1644/05",7
"1644/06",8
"1644/07",9
"1644/08",7
"1644/09",8
"1644/10",8
"1644/11",4
"1644/12",5
"1645/01",1
"1645/02",0
"1645/03",0
"1645/04",0
"1645/05",0
"1645/06",0
"1645/07",0
"1645/08",0
"1645/09",0
"1645/10",0
"1645/11",0
"1645/12",0
"1646/01",2
"1646/02",0
"1646/03",0
"1646/04",0
"1646/05",0
"1646/06",0
"1646/07",0
"1646/08",0
"1646/09",0
"1646/10",0
"1646/11",0
"1646/12",0
"1647/01",47
"1647/02",0
"1647/03",0
"1647/04",0
"1647/05",0
"1647/06",0
"1647/07",0
"1647/08",3
"1647/09",5
"1647/10",7
"1647/11",7
"1647/12",5
"1648/01",2
"1648/02",0
"1648/03",0
"1648/04",0
"1648/05",0
"1648/06",0
"1648/07",0
"1648/08",0
"1648/09",0
"1648/10",0
"1648/11",0
"1648/12",0
"1649/01",1
"1649/02",0
"1649/03",0
"1649/04",0
"1649/05",0
"1649/06",0
"1649/07",0
"1649/08",0
"1649/09",0
"1649/10",0
"1649/11",0
"1649/12",0
"1650/01",2
"1650/02",0
"1650/03",0
"1650/04",0
"1650/05",0
"1650/06",0
"1650/07",0
"1650/08",0
"1650/09",0
"1650/10",0
"1650/11",0
"1650/12",0
"1651/01",1
"1651/02",0
"1651/03",0
"1651/04",0
"1651/05",0
"1651/06",0
"1651/07",2
"1651/08",0
"1651/09",0
"1651/10",0
"1651/11",0
"1651/12",0
"1652/01",1
"1652/02",0
"1652/03",0
"1652/04",0
"1652/05",0
"1652/06",0
"1652/07",0
"1652/08",0
"1652/09",0
"1652/10",0
"1652/11",0
"1652/12",0
"1653/01",2
"1653/02",0
"1653/03",0
"1653/04",0
"1653/05",0
"1653/06",0
"1653/07",0
"1653/08",0
"1653/09",0
"1653/10",0
"1653/11",0
"1653/12",0
"1654/01",63
"1654/02",0
"1654/03",0
"1654/04",0
"1654/05",0
"1654/06",0
"1654/07",5
"1654/08",5
"1654/09",4
"1654/10",6
"1654/11",4
"1654/12",4
"1655/01",2
"1655/02",0
"1655/03",0
"1655/04",0
"1655/05",0
"1655/06",0
"1655/07",0
"1655/08",0
"1655/09",0
"1655/10",0
"1655/11",0
"1655/12",0
"1656/01",52
"1656/02",0
"1656/03",0
"1656/04",0
"1656/05",0
"1656/06",0
"1656/07",5
"1656/08",6
"1656/09",6
"1656/10",6
"1656/11",4
"1656/12",9
"1657/01",1
"1657/02",0
"1657/03",0
"1657/04",0
"1657/05",0
"1657/06",0
"1657/07",1
"1657/08",0
"1657/09",0
"1657/10",0
"1657/11",0
"1657/12",0
"1658/01",2
"1658/02",0
"1658/03",0
"1658/04",0
"1658/05",0
"1658/06",0
"1658/07",0
"1658/08",0
"1658/09",0
"1658/10",0
"1658/11",0
"1658/12",0
"1659/01",2
"1659/02",0
"1659/03",0
"1659/04",0
"1659/05",0
"1659/06",0
"1659/07",0
"1659/08",0
"1659/09",0
"1659/10",0
"1659/11",0
"1659/12",0
"1660/01",1
"1660/02",0
"1660/03",0
"1660/04",0
"1660/05",0
"1660/06",0
"1660/07",0
"1660/08",0
"1660/09",0
"1660/10",0
"1660/11",0
"1660/12",0
"1661/01",1
"1661/02",0
"1661/03",0
"1661/04",0
"1661/05",0
"1661/06",0
"1661/07",1
"1661/08",0
"1661/09",0
"1661/10",0
"1661/11",0
"1661/12",0
"1662/01",36
"1662/02",0
"1662/03",0
"1662/04",0
"1662/05",0
"1662/06",0
"1662/07",4
"1662/08",8
"1662/09",9
"1662/10",7
"1662/11",5
"1662/12",6
"1663/01",1
"1663/02",0
"1663/03",0
"1663/04",0
"1663/05",0
"1663/06",0
"1663/07",1
"1663/08",0
"1663/09",0
"1663/10",0
"1663/11",0
"1663/12",0
"1664/01",2
"1664/02",0
"1664/03",0
"1664/04",0
"1664/05",0
"1664/06",0
"1664/07",0
"1664/08",0
"1664/09",0
"1664/10",0
"1664/11",0
"1664/12",0
"1665/01",1
"1665/02",0
"1665/03",0
"1665/04",0
"1665/05",0
"1665/06",0
"1665/07",0
"1665/08",0
"1665/09",0
"1665/10",0
"1665/11",0
"1665/12",0
"1666/01",2
"1666/02",0
"1666/03",0
"1666/04",0
"1666/05",0
"1666/06",0
"1666/07",0
"1666/08",0
"1666/09",0
"1666/10",0
"1666/11",0
"1666/12",0
"1667/01",57
"1667/02",0
"1667/03",0
"1667/04",0
"1667/05",0
"1667/06",2
"1667/07",6
"1667/08",4
"1667/09",4
"1667/10",6
"1667/11",4
"1667/12",8
"1668/01",4
"1668/02",0
"1668/03",0
"1668/04",0
"1668/05",0
"1668/06",0
"1668/07",2
"1668/08",0
"1668/09",0
"1668/10",0
"1668/11",0
"1668/12",0
"1669/01",52
"1669/02",5
"1669/03",6
"1669/04",5
"1669/05",6
"1669/06",7
"1669/07",1
"1669/08",0
"1669/09",0
"1669/10",0
"1669/11",0
"1669/12",0
"1670/01",1
"1670/02",0
"1670/03",0
"1670/04",0
"1670/05",0
"1670/06",0
"1670/07",0
"1670/08",0
"1670/09",0
"1670/10",0
"1670/11",0
"1670/12",0
"1671/01",1
"1671/02",0
"1671/03",0
"1671/04",0
"1671/05",0
"1671/06",0
"1671/07",1
"1671/08",0
"1671/09",0
"1671/10",0
"1671/11",0
"1671/12",0
"1672/01",58
"1672/02",0
"1672/03",0
"1672/04",0
"1672/05",0
"1672/06",0
"1672/07",5
"1672/08",4
"1672/09",4
"1672/10",5
"1672/11",4
"1672/12",5
"1673/01",1
"1673/02",0
"1673/03",0
"1673/04",0
"1673/05",0
"1673/06",0
"1673/07",0
"1673/08",0
"1673/09",0
"1673/10",0
"1673/11",0
"1673/12",0
"1674/01",38
"1674/02",0
"1674/03",0
"1674/04",0
"1674/05",0
"1674/06",0
"1674/07",3
"1674/08",4
"1674/09",5
"1674/10",4
"1674/11",4
"1674/12",5
"1675/01",79
"1675/02",4
"1675/03",5
"1675/04",4
"1675/05",4
"1675/06",5
"1675/07",4
"1675/08",5
"1675/09",4
"1675/10",4
"1675/11",5
"1675/12",4
"1676/01",68
"1676/02",5
"1676/03",4
"1676/04",4
"1676/05",5
"1676/06",4
"1676/07",4
"1676/08",5
"1676/09",4
"1676/10",5
"1676/11",4
"1676/12",4
"1677/01",1
"1677/02",0
"1677/03",0
"1677/04",0
"1677/05",0
"1677/06",0
"1677/07",0
"1677/08",0
"1677/09",0
"1677/10",0
"1677/11",0
"1677/12",0
"1678/01",1
"1678/02",0
"1678/03",0
"1678/04",0
"1678/05",0
"1678/06",0
"1678/07",0
"1678/08",0
"1678/09",0
"1678/10",0
"1678/11",0
"1678/12",0
"1679/01",1
"1679/02",0
"1679/03",0
"1679/04",0
"1679/05",0
"1679/06",0
"1679/07",0
"1679/08",0
"1679/09",0
"1679/10",0
"1679/11",0
"1679/12",0
"1680/01",1
"1680/02",0
"1680/03",0
"1680/04",0
"1680/05",0
"1680/06",0
"1680/07",0
"1680/08",0
"1680/09",0
"1680/10",0
"1680/11",0
"1680/12",0
"1681/01",1
"1681/02",0
"1681/03",0
"1681/04",0
"1681/05",0
"1681/06",0
"1681/07",0
"1681/08",0
"1681/09",0
"1681/10",0
"1681/11",0
"1681/12",0
"1682/01",1
"1682/02",0
"1682/03",0
"1682/04",0
"1682/05",0
"1682/06",0
"1682/07",0
"1682/08",0
"1682/09",0
"1682/10",0
"1682/11",0
"1682/12",0
"1683/01",1
"1683/02",0
"1683/03",0
"1683/04",0
"1683/05",0
"1683/06",0
"1683/07",0
"1683/08",0
"1683/09",0
"1683/10",0
"1683/11",0
"1683/12",0
"1684/01",1
"1684/02",0
"1684/03",0
"1684/04",0
"1684/05",0
"1684/06",0
"1684/07",0
"1684/08",0
"1684/09",0
"1684/10",0
"1684/11",0
"1684/12",0
"1685/01",0
"1685/02",0
"1685/03",0
"1685/04",0
"1685/05",0
"1685/06",0
"1685/07",0
"1685/08",0
"1685/09",0
"1685/10",0
"1685/11",0
"1685/12",0
"1686/01",2
"1686/02",0
"1686/03",0
"1686/04",0
"1686/05",0
"1686/06",0
"1686/07",0
"1686/08",0
"1686/09",0
"1686/10",0
"1686/11",0
"1686/12",0
"1687/01",1
"1687/02",0
"1687/03",0
"1687/04",0
"1687/05",0
"1687/06",0
"1687/07",0
"1687/08",0
"1687/09",0
"1687/10",0
"1687/11",0
"1687/12",0
"1688/01",1
"1688/02",0
"1688/03",0
"1688/04",0
"1688/05",0
"1688/06",0
"1688/07",0
"1688/08",0
"1688/09",0
"1688/10",0
"1688/11",0
"1688/12",0
"1689/01",6
"1689/02",4
"1689/03",4
"1689/04",5
"1689/05",4
"1689/06",4
"1689/07",5
"1689/08",4
"1689/09",4
"1689/10",5
"1689/11",4
"1689/12",5
"1690/01",1
"1690/02",0
"1690/03",0
"1690/04",0
"1690/05",0
"1690/06",0
"1690/07",0
"1690/08",0
"1690/09",0
"1690/10",0
"1690/11",0
"1690/12",0
"1691/01",1
"1691/02",0
"1691/03",0
"1691/04",0
"1691/05",0
"1691/06",0
"1691/07",0
"1691/08",0
"1691/09",0
"1691/10",0
"1691/11",0
"1691/12",0
"1692/01",0
"1692/02",0
"1692/03",0
"1692/04",0
"1692/05",0
"1692/06",0
"1692/07",0
"1692/08",0
"1692/09",0
"1692/10",0
"1692/11",0
"1692/12",0
"1693/01",1
"1693/02",0
"1693/03",0
"1693/04",0
"1693/05",0
"1693/06",0
"1693/07",0
"1693/08",0
"1693/09",0
"1693/10",0
"1693/11",0
"1693/12",0
"1694/01",1
"1694/02",0
"1694/03",0
"1694/04",0
"1694/05",0
"1694/06",0
"1694/07",0
"1694/08",0
"1694/09",0
"1694/10",0
"1694/11",0
"1694/12",0
"1695/01",6
"1695/02",4
"1695/03",4
"1695/04",5
"1695/05",4
"1695/06",4
"1695/07",5
"1695/08",4
"1695/09",4
"1695/10",5
"1695/11",4
"1695/12",5
"1696/01",3
"1696/02",0
"1696/03",0
"1696/04",0
"1696/05",0
"1696/06",0
"1696/07",0
"1696/08",0
"1696/09",0
"1696/10",0
"1696/11",0
"1696/12",0
"1697/01",10
"1697/02",8
"1697/03",10
"1697/04",8
"1697/05",8
"1697/06",10
"1697/07",8
"1697/08",10
"1697/09",8
"1697/10",10
"1697/11",10
"1697/12",6
"1698/01",5
"1698/02",0
"1698/03",0
"1698/04",0
"1698/05",0
"1698/06",0
"1698/07",0
"1698/08",0
"1698/09",0
"1698/10",0
"1698/11",0
"1698/12",0
"1699/01",0
"1699/02",0
"1699/03",0
"1699/04",0
"1699/05",0
"1699/06",0
"1699/07",0
"1699/08",0
"1699/09",0
"1699/10",0
"1699/11",0
"1699/12",0
"1700/01",3
"1700/02",0
"1700/03",0
"1700/04",0
"1700/05",0
"1700/06",0
"1700/07",0
"1700/08",0
"1700/09",0
"1700/10",0
"1700/11",0
"1700/12",0
"1701/01",2
"1701/02",0
"1701/03",0
"1701/04",0
"1701/05",0
"1701/06",0
"1701/07",0
"1701/08",0
"1701/09",0
"1701/10",0
"1701/11",0
"1701/12",0
"1702/01",1
"1702/02",0
"1702/03",0
"1702/04",0
"1702/05",0
"1702/06",0
"1702/07",0
"1702/08",0
"1702/09",0
"1702/10",0
"1702/11",0
"1702/12",0
"1703/01",1
"1703/02",0
"1703/03",0
"1703/04",0
"1703/05",0
"1703/06",0
"1703/07",0
"1703/08",0
"1703/09",0
"1703/10",0
"1703/11",0
"1703/12",0
"1704/01",1
"1704/02",0
"1704/03",0
"1704/04",0
"1704/05",0
"1704/06",0
"1704/07",0
"1704/08",0
"1704/09",0
"1704/10",0
"1704/11",0
"1704/12",0
"1705/01",1
"1705/02",0
"1705/03",0
"1705/04",0
"1705/05",0
"1705/06",0
"1705/07",0
"1705/08",0
"1705/09",0
"1705/10",0
"1705/11",0
"1705/12",0
"1706/01",2
"1706/02",0
"1706/03",0
"1706/04",0
"1706/05",0
"1706/06",0
"1706/07",0
"1706/08",0
"1706/09",0
"1706/10",0
"1706/11",0
"1706/12",0
"1707/01",1
"1707/02",0
"1707/03",0
"1707/04",0
"1707/05",0
"1707/06",0
"1707/07",0
"1707/08",0
"1707/09",0
"1707/10",0
"1707/11",0
"1707/12",0
"1708/01",1
"1708/02",0
"1708/03",0
"1708/04",0
"1708/05",0
"1708/06",0
"1708/07",0
"1708/08",0
"1708/09",0
"1708/10",0
"1708/11",0
"1708/12",0
"1709/01",1
"1709/02",0
"1709/03",0
"1709/04",0
"1709/05",0
"1709/06",0
"1709/07",0
"1709/08",0
"1709/09",0
"1709/10",0
"1709/11",0
"1709/12",0
"1710/01",1
"1710/02",0
"1710/03",0
"1710/04",0
"1710/05",0
"1710/06",0
"1710/07",0
"1710/08",0
"1710/09",0
"1710/10",0
"1710/11",0
"1710/12",0
"1711/01",1
"1711/02",0
"1711/03",0
"1711/04",0
"1711/05",0
"1711/06",0
"1711/07",0
"1711/08",0
"1711/09",0
"1711/10",0
"1711/11",0
"1711/12",0
"1712/01",7
"1712/02",4
"1712/03",4
"1712/04",5
"1712/05",4
"1712/06",4
"1712/07",5
"1712/08",4
"1712/09",4
"1712/10",5
"1712/11",4
"1712/12",5
"1713/01",1
"1713/02",0
"1713/03",0
"1713/04",0
"1713/05",0
"1713/06",0
"1713/07",0
"1713/08",0
"1713/09",0
"1713/10",0
"1713/11",0
"1713/12",0
"1714/01",4
"1714/02",4
"1714/03",5
"1714/04",4
"1714/05",4
"1714/06",5
"1714/07",4
"1714/08",4
"1714/09",5
"1714/10",4
"1714/11",4
"1714/12",5
"1715/01",1
"1715/02",0
"1715/03",0
"1715/04",0
"1715/05",0
"1715/06",0
"1715/07",0
"1715/08",0
"1715/09",0
"1715/10",0
"1715/11",0
"1715/12",0
"1716/01",1
"1716/02",0
"1716/03",0
"1716/04",0
"1716/05",0
"1716/06",0
"1716/07",0
"1716/08",0
"1716/09",0
"1716/10",0
"1716/11",0
"1716/12",0
"1717/01",1
"1717/02",0
"1717/03",0
"1717/04",0
"1717/05",0
"1717/06",0
"1717/07",0
"1717/08",0
"1717/09",0
"1717/10",0
"1717/11",0
"1717/12",0
"1718/01",2
"1718/02",0
"1718/03",0
"1718/04",0
"1718/05",0
"1718/06",0
"1718/07",0
"1718/08",0
"1718/09",0
"1718/10",0
"1718/11",0
"1718/12",0
"1719/01",1
"1719/02",0
"1719/03",0
"1719/04",0
"1719/05",0
"1719/06",0
"1719/07",0
"1719/08",0
"1719/09",0
"1719/10",0
"1719/11",0
"1719/12",0
"1720/01",1
"1720/02",0
"1720/03",0
"1720/04",0
"1720/05",0
"1720/06",0
"1720/07",0
"1720/08",0
"1720/09",0
"1720/10",0
"1720/11",0
"1720/12",0
"1721/01",5
"1721/02",4
"1721/03",5
"1721/04",4
"1721/05",5
"1721/06",4
"1721/07",4
"1721/08",5
"1721/09",4
"1721/10",5
"1721/11",4
"1721/12",4
"1722/01",12
"1722/02",4
"1722/03",4
"1722/04",4
"1722/05",5
"1722/06",4
"1722/07",4
"1722/08",5
"1722/09",4
"1722/10",5
"1722/11",4
"1722/12",4
"1723/01",1
"1723/02",0
"1723/03",0
"1723/04",0
"1723/05",0
"1723/06",0
"1723/07",0
"1723/08",0
"1723/09",0
"1723/10",0
"1723/11",0
"1723/12",0
"1724/01",1
"1724/02",0
"1724/03",0
"1724/04",0
"1724/05",0
"1724/06",0
"1724/07",0
"1724/08",0
"1724/09",0
"1724/10",0
"1724/11",0
"1724/12",0
"1725/01",1
"1725/02",0
"1725/03",0
"1725/04",0
"1725/05",0
"1725/06",0
"1725/07",0
"1725/08",0
"1725/09",0
"1725/10",0
"1725/11",0
"1725/12",0
"1726/01",0
"1726/02",0
"1726/03",0
"1726/04",0
"1726/05",0
"1726/06",0
"1726/07",0
"1726/08",0
"1726/09",0
"1726/10",0
"1726/11",0
"1726/12",0
"1727/01",2
"1727/02",0
"1727/03",0
"1727/04",0
"1727/05",0
"1727/06",0
"1727/07",0
"1727/08",0
"1727/09",0
"1727/10",0
"1727/11",0
"1727/12",0
"1728/01",2
"1728/02",0
"1728/03",0
"1728/04",0
"1728/05",0
"1728/06",0
"1728/07",0
"1728/08",0
"1728/09",0
"1728/10",0
"1728/11",0
"1728/12",0
"1729/01",1
"1729/02",0
"1729/03",0
"1729/04",0
"1729/05",0
"1729/06",0
"1729/07",0
"1729/08",0
"1729/09",0
"1729/10",0
"1729/11",0
"1729/12",0
"1730/01",2
"1730/02",0
"1730/03",0
"1730/04",0
"1730/05",0
"1730/06",0
"1730/07",0
"1730/08",0
"1730/09",0
"1730/10",0
"1730/11",0
"1730/12",0
"1731/01",2
"1731/02",0
"1731/03",0
"1731/04",0
"1731/05",0
"1731/06",0
"1731/07",0
"1731/08",0
"1731/09",0
"1731/10",0
"1731/11",0
"1731/12",0
"1732/01",2
"1732/02",0
"1732/03",0
"1732/04",0
"1732/05",0
"1732/06",0
"1732/07",0
"1732/08",0
"1732/09",0
"1732/10",0
"1732/11",0
"1732/12",0
"1733/01",1
"1733/02",0
"1733/03",0
"1733/04",0
"1733/05",0
"1733/06",0
"1733/07",0
"1733/08",0
"1733/09",0
"1733/10",0
"1733/11",0
"1733/12",0
"1734/01",2
"1734/02",0
"1734/03",0
"1734/04",0
"1734/05",0
"1734/06",0
"1734/07",0
"1734/08",0
"1734/09",0
"1734/10",0
"1734/11",0
"1734/12",0
"1735/01",5
"1735/02",4
"1735/03",4
"1735/04",5
"1735/05",4
"1735/06",4
"1735/07",5
"1735/08",4
"1735/09",4
"1735/10",5
"1735/11",4
"1735/12",5
"1736/01",3
"1736/02",0
"1736/03",0
"1736/04",0
"1736/05",0
"1736/06",0
"1736/07",0
"1736/08",0
"1736/09",0
"1736/10",0
"1736/11",0
"1736/12",0
"1737/01",2
"1737/02",0
"1737/03",0
"1737/04",0
"1737/05",0
"1737/06",0
"1737/07",0
"1737/08",0
"1737/09",0
"1737/10",0
"1737/11",0
"1737/12",0
"1738/01",1
"1738/02",0
"1738/03",0
"1738/04",0
"1738/05",0
"1738/06",0
"1738/07",0
"1738/08",0
"1738/09",0
"1738/10",0
"1738/11",0
"1738/12",0
"1739/01",1
"1739/02",0
"1739/03",0
"1739/04",0
"1739/05",0
"1739/06",0
"1739/07",0
"1739/08",0
"1739/09",0
"1739/10",0
"1739/11",0
"1739/12",0
"1740/01",2
"1740/02",0
"1740/03",0
"1740/04",0
"1740/05",0
"1740/06",0
"1740/07",0
"1740/08",0
"1740/09",0
"1740/10",0
"1740/11",0
"1740/12",0
"1741/01",4
"1741/02",4
"1741/03",4
"1741/04",5
"1741/05",4
"1741/06",4
"1741/07",5
"1741/08",4
"1741/09",5
"1741/10",4
"1741/11",4
"1741/12",5
"1742/01",1
"1742/02",0
"1742/03",0
"1742/04",0
"1742/05",0
"1742/06",0
"1742/07",0
"1742/08",0
"1742/09",0
"1742/10",0
"1742/11",0
"1742/12",0
"1743/01",1
"1743/02",0
"1743/03",0
"1743/04",0
"1743/05",0
"1743/06",0
"1743/07",0
"1743/08",0
"1743/09",0
"1743/10",0
"1743/11",0
"1743/12",0
"1744/01",5
"1744/02",5
"1744/03",4
"1744/04",4
"1744/05",5
"1744/06",4
"1744/07",4
"1744/08",5
"1744/09",4
"1744/10",5
"1744/11",4
"1744/12",4
"1745/01",1
"1745/02",0
"1745/03",0
"1745/04",0
"1745/05",0
"1745/06",0
"1745/07",0
"1745/08",0
"1745/09",0
"1745/10",0
"1745/11",0
"1745/12",0
"1746/01",1
"1746/02",0
"1746/03",0
"1746/04",0
"1746/05",0
"1746/06",0
"1746/07",0
"1746/08",0
"1746/09",0
"1746/10",0
"1746/11",0
"1746/12",0
"1747/01",5
"1747/02",4
"1747/03",4
"1747/04",5
"1747/05",4
"1747/06",4
"1747/07",5
"1747/08",4
"1747/09",5
"1747/10",4
"1747/11",4
"1747/12",5
"1748/01",1
"1748/02",0
"1748/03",0
"1748/04",0
"1748/05",0
"1748/06",0
"1748/07",0
"1748/08",0
"1748/09",0
"1748/10",0
"1748/11",0
"1748/12",0
"1749/01",4
"1749/02",4
"1749/03",5
"1749/04",4
"1749/05",6
"1749/06",4
"1749/07",4
"1749/08",5
"1749/09",4
"1749/10",4
"1749/11",5
"1749/12",4
"1750/01",1
"1750/02",0
"1750/03",0
"1750/04",0
"1750/05",0
"1750/06",0
"1750/07",0
"1750/08",0
"1750/09",0
"1750/10",0
"1750/11",0
"1750/12",0
"1751/01",1
"1751/02",0
"1751/03",0
"1751/04",0
"1751/05",0
"1751/06",0
"1751/07",0
"1751/08",0
"1751/09",0
"1751/10",0
"1751/11",0
"1751/12",0
"1752/01",6
"1752/02",4
"1752/03",4
"1752/04",5
"1752/05",4
"1752/06",4
"1752/07",5
"1752/08",4
"1752/09",5
"1752/10",4
"1752/11",4
"1752/12",5
"1753/01",5
"1753/02",4
"1753/03",5
"1753/04",4
"1753/05",4
"1753/06",5
"1753/07",4
"1753/08",4
"1753/09",5
"1753/10",4
"1753/11",4
"1753/12",5
"1754/01",1
"1754/02",0
"1754/03",0
"1754/04",0
"1754/05",0
"1754/06",0
"1754/07",0
"1754/08",0
"1754/09",0
"1754/10",0
"1754/11",0
"1754/12",0
"1755/01",1
"1755/02",0
"1755/03",0
"1755/04",0
"1755/05",0
"1755/06",0
"1755/07",0
"1755/08",0
"1755/09",0
"1755/10",0
"1755/11",0
"1755/12",0
"1756/01",1
"1756/02",0
"1756/03",0
"1756/04",0
"1756/05",0
"1756/06",0
"1756/07",0
"1756/08",0
"1756/09",0
"1756/10",0
"1756/11",0
"1756/12",0
"1757/01",5
"1757/02",4
"1757/03",4
"1757/04",5
"1757/05",4
"1757/06",4
"1757/07",5
"1757/08",4
"1757/09",4
"1757/10",5
"1757/11",4
"1757/12",5
"1758/01",1
"1758/02",0
"1758/03",0
"1758/04",0
"1758/05",0
"1758/06",0
"1758/07",0
"1758/08",0
"1758/09",0
"1758/10",0
"1758/11",0
"1758/12",0
"1759/01",1
"1759/02",0
"1759/03",0
"1759/04",0
"1759/05",0
"1759/06",0
"1759/07",0
"1759/08",0
"1759/09",0
"1759/10",0
"1759/11",0
"1759/12",0
"1760/01",4
"1760/02",4
"1760/03",5
"1760/04",4
"1760/05",5
"1760/06",4
"1760/07",4
"1760/08",5
"1760/09",4
"1760/10",4
"1760/11",5
"1760/12",4
"1761/01",1
"1761/02",0
"1761/03",0
"1761/04",0
"1761/05",0
"1761/06",0
"1761/07",0
"1761/08",0
"1761/09",0
"1761/10",0
"1761/11",0
"1761/12",0
"1762/01",9
"1762/02",8
"1762/03",9
"1762/04",9
"1762/05",9
"1762/06",8
"1762/07",9
"1762/08",9
"1762/09",8
"1762/10",9
"1762/11",9
"1762/12",9
"1763/01",10
"1763/02",8
"1763/03",8
"1763/04",9
"1763/05",9
"1763/06",8
"1763/07",9
"1763/08",9
"1763/09",9
"1763/10",9
"1763/11",8
"1763/12",9
"1764/01",8
"1764/02",8
"1764/03",9
"1764/04",9
"1764/05",8
"1764/06",9
"1764/07",9
"1764/08",9
"1764/09",8
"1764/10",9
"1764/11",9
"1764/12",9
"1765/01",9
"1765/02",8
"1765/03",9
"1765/04",9
"1765/05",9
"1765/06",8
"1765/07",9
"1765/08",9
"1765/09",9
"1765/10",8
"1765/11",9
"1765/12",9
"1766/01",9
"1766/02",8
"1766/03",9
"1766/04",8
"1766/05",9
"1766/06",9
"1766/07",8
"1766/08",9
"1766/09",9
"1766/10",9
"1766/11",8
"1766/12",9
"1767/01",9
"1767/02",8
"1767/03",9
"1767/04",8
"1767/05",9
"1767/06",9
"1767/07",9
"1767/08",9
"1767/09",8
"1767/10",9
"1767/11",9
"1767/12",8
"1768/01",9
"1768/02",9
"1768/03",8
"1768/04",9
"1768/05",9
"1768/06",8
"1768/07",9
"1768/08",9
"1768/09",9
"1768/10",9
"1768/11",8
"1768/12",9
"1769/01",9
"1769/02",8
"1769/03",9
"1769/04",8
"1769/05",9
"1769/06",9
"1769/07",9
"1769/08",8
"1769/09",9
"1769/10",9
"1769/11",8
"1769/12",9
"1770/01",9
"1770/02",8
"1770/03",9
"1770/04",9
"1770/05",8
"1770/06",9
"1770/07",9
"1770/08",9
"1770/09",8
"1770/10",9
"1770/11",9
"1770/12",9
"1771/01",8
"1771/02",8
"1771/03",9
"1771/04",9
"1771/05",9
"1771/06",8
"1771/07",9
"1771/08",9
"1771/09",9
"1771/10",8
"1771/11",9
"1771/12",9
"1772/01",1
"1772/02",0
"1772/03",0
"1772/04",0
"1772/05",0
"1772/06",0
"1772/07",0
"1772/08",0
"1772/09",0
"1772/10",0
"1772/11",0
"1772/12",0
"1773/01",9
"1773/02",8
"1773/03",9
"1773/04",9
"1773/05",9
"1773/06",8
"1773/07",9
"1773/08",9
"1773/09",8
"1773/10",9
"1773/11",9
"1773/12",9
"1774/01",9
"1774/02",8
"1774/03",8
"1774/04",9
"1774/05",9
"1774/06",8
"1774/07",9
"1774/08",9
"1774/09",9
"1774/10",9
"1774/11",8
"1774/12",9
"1775/01",9
"1775/02",8
"1775/03",9
"1775/04",8
"1775/05",9
"1775/06",9
"1775/07",9
"1775/08",8
"1775/09",9
"1775/10",9
"1775/11",8
"1775/12",9
"1776/01",9
"1776/02",8
"1776/03",9
"1776/04",9
"1776/05",9
"1776/06",8
"1776/07",9
"1776/08",9
"1776/09",9
"1776/10",8
"1776/11",9
"1776/12",9
"1777/01",9
"1777/02",8
"1777/03",9
"1777/04",8
"1777/05",9
"1777/06",9
"1777/07",8
"1777/08",9
"1777/09",9
"1777/10",9
"1777/11",8
"1777/12",9
"1778/01",9
"1778/02",8
"1778/03",9
"1778/04",8
"1778/05",9
"1778/06",9
"1778/07",9
"1778/08",9
"1778/09",8
"1778/10",9
"1778/11",8
"1778/12",9
"1779/01",11
"1779/02",8
"1779/03",9
"1779/04",9
"1779/05",8
"1779/06",9
"1779/07",9
"1779/08",9
"1779/09",8
"1779/10",9
"1779/11",9
"1779/12",9
"1780/01",7
"1780/02",9
"1780/03",9
"1780/04",8
"1780/05",9
"1780/06",9
"1780/07",8
"1780/08",9
"1780/09",9
"1780/10",9
"1780/11",8
"1780/12",9
"1781/01",9
"1781/02",8
"1781/03",9
"1781/04",8
"1781/05",9
"1781/06",9
"1781/07",9
"1781/08",9
"1781/09",8
"1781/10",9
"1781/11",9
"1781/12",8
"1782/01",1
"1782/02",0
"1782/03",0
"1782/04",0
"1782/05",0
"1782/06",0
"1782/07",0
"1782/08",0
"1782/09",0
"1782/10",0
"1782/11",0
"1782/12",0
"1783/01",9
"1783/02",8
"1783/03",8
"1783/04",9
"1783/05",9
"1783/06",8
"1783/07",9
"1783/08",9
"1783/09",9
"1783/10",9
"1783/11",8
"1783/12",9
"1784/01",9
"1784/02",8
"1784/03",9
"1784/04",9
"1784/05",8
"1784/06",9
"1784/07",9
"1784/08",9
"1784/09",8
"1784/10",9
"1784/11",9
"1784/12",9
"1785/01",8
"1785/02",8
"1785/03",9
"1785/04",9
"1785/05",9
"1785/06",8
"1785/07",9
"1785/08",9
"1785/09",9
"1785/10",8
"1785/11",9
"1785/12",9
"1786/01",9
"1786/02",8
"1786/03",9
"1786/04",8
"1786/05",9
"1786/06",9
"1786/07",8
"1786/08",9
"1786/09",9
"1786/10",9
"1786/11",8
"1786/12",9
"1787/01",9
"1787/02",8
"1787/03",9
"1787/04",8
"1787/05",9
"1787/06",9
"1787/07",9
"1787/08",8
"1787/09",8
"1787/10",9
"1787/11",9
"1787/12",8
"1788/01",9
"1788/02",9
"1788/03",8
"1788/04",9
"1788/05",9
"1788/06",8
"1788/07",9
"1788/08",9
"1788/09",9
"1788/10",9
"1788/11",8
"1788/12",9
"1789/01",10
"1789/02",7
"1789/03",9
"1789/04",8
"1789/05",9
"1789/06",9
"1789/07",9
"1789/08",8
"1789/09",9
"1789/10",9
"1789/11",8
"1789/12",9
"1790/01",22
"1790/02",8
"1790/03",9
"1790/04",9
"1790/05",8
"1790/06",9
"1790/07",9
"1790/08",9
"1790/09",8
"1790/10",9
"1790/11",9
"1790/12",9
"1791/01",21
"1791/02",8
"1791/03",9
"1791/04",9
"1791/05",9
"1791/06",8
"1791/07",9
"1791/08",7
"1791/09",9
"1791/10",8
"1791/11",8
"1791/12",9
"1792/01",14
"1792/02",8
"1792/03",9
"1792/04",8
"1792/05",30
"1792/06",30
"1792/07",31
"1792/08",14
"1792/09",0
"1792/10",0
"1792/11",0
"1792/12",0
"1793/01",1
"1793/02",0
"1793/03",0
"1793/04",0
"1793/05",0
"1793/06",0
"1793/07",0
"1793/08",0
"1793/09",0
"1793/10",1
"1793/11",0
"1793/12",0
"1794/01",0
"1794/02",0
"1794/03",0
"1794/04",0
"1794/05",0
"1794/06",0
"1794/07",0
"1794/08",0
"1794/09",0
"1794/10",0
"1794/11",0
"1794/12",0
"1795/01",2
"1795/02",0
"1795/03",0
"1795/04",0
"1795/05",0
"1795/06",0
"1795/07",0
"1795/08",0
"1795/09",0
"1795/10",0
"1795/11",0
"1795/12",0
"1796/01",2
"1796/02",0
"1796/03",0
"1796/04",0
"1796/05",0
"1796/06",0
"1796/07",0
"1796/08",0
"1796/09",0
"1796/10",0
"1796/11",0
"1796/12",0
"1797/01",2
"1797/02",0
"1797/03",0
"1797/04",0
"1797/05",0
"1797/06",0
"1797/07",0
"1797/08",0
"1797/09",0
"1797/10",0
"1797/11",0
"1797/12",0
"1798/01",2
"1798/02",0
"1798/03",0
"1798/04",0
"1798/05",0
"1798/06",0
"1798/07",0
"1798/08",0
"1798/09",0
"1798/10",0
"1798/11",0
"1798/12",0
"1799/01",2
"1799/02",0
"1799/03",0
"1799/04",0
"1799/05",0
"1799/06",0
"1799/07",0
"1799/08",0
"1799/09",0
"1799/10",0
"1799/11",0
"1799/12",0
"1800/01",32
"1800/02",0
"1800/03",0
"1800/04",0
"1800/05",0
"1800/06",0
"1800/07",0
"1800/08",0
"1800/09",0
"1800/10",0
"1800/11",0
"1800/12",0
"1801/01",1
"1801/02",0
"1801/03",29
"1801/04",0
"1801/05",0
"1801/06",0
"1801/07",0
"1801/08",0
"1801/09",0
"1801/10",0
"1801/11",0
"1801/12",0
"1802/01",3
"1802/02",0
"1802/03",0
"1802/04",0
"1802/05",0
"1802/06",0
"1802/07",0
"1802/08",0
"1802/09",0
"1802/10",0
"1802/11",0
"1802/12",0
"1803/01",0
"1803/02",0
"1803/03",1
"1803/04",0
"1803/05",0
"1803/06",0
"1803/07",0
"1803/08",0
"1803/09",0
"1803/10",0
"1803/11",0
"1803/12",0
"1804/01",2
"1804/02",0
"1804/03",0
"1804/04",0
"1804/05",1
"1804/06",0
"1804/07",0
"1804/08",0
"1804/09",1
"1804/10",0
"1804/11",0
"1804/12",0
"1805/01",1
"1805/02",0
"1805/03",0
"1805/04",0
"1805/05",0
"1805/06",0
"1805/07",0
"1805/08",0
"1805/09",0
"1805/10",0
"1805/11",0
"1805/12",0
"1806/01",1
"1806/02",0
"1806/03",0
"1806/04",0
"1806/05",0
"1806/06",1
"1806/07",0
"1806/08",0
"1806/09",0
"1806/10",0
"1806/11",0
"1806/12",0
"1807/01",3
"1807/02",0
"1807/03",0
"1807/04",0
"1807/05",0
"1807/06",0
"1807/07",0
"1807/08",0
"1807/09",0
"1807/10",0
"1807/11",0
"1807/12",0
"1808/01",2
"1808/02",0
"1808/03",0
"1808/04",0
"1808/05",0
"1808/06",0
"1808/07",0
"1808/08",0
"1808/09",0
"1808/10",0
"1808/11",0
"1808/12",0
"1809/01",2
"1809/02",0
"1809/03",0
"1809/04",0
"1809/05",0
"1809/06",0
"1809/07",0
"1809/08",0
"1809/09",0
"1809/10",0
"1809/11",0
"1809/12",0
"1810/01",2
"1810/02",0
"1810/03",0
"1810/04",0
"1810/05",0
"1810/06",0
"1810/07",0
"1810/08",0
"1810/09",0
"1810/10",0
"1810/11",0
"1810/12",0
"1811/01",3
"1811/02",0
"1811/03",0
"1811/04",0
"1811/05",0
"1811/06",0
"1811/07",0
"1811/08",0
"1811/09",0
"1811/10",0
"1811/11",0
"1811/12",0
"1812/01",3
"1812/02",0
"1812/03",0
"1812/04",0
"1812/05",0
"1812/06",0
"1812/07",0
"1812/08",0
"1812/09",0
"1812/10",0
"1812/11",0
"1812/12",0
"1813/01",3
"1813/02",0
"1813/03",0
"1813/04",0
"1813/05",0
"1813/06",0
"1813/07",0
"1813/08",0
"1813/09",0
"1813/10",0
"1813/11",0
"1813/12",0
"1814/01",4
"1814/02",0
"1814/03",0
"1814/04",30
"1814/05",31
"1814/06",29
"1814/07",32
"1814/08",31
"1814/09",30
"1814/10",31
"1814/11",30
"1814/12",32
"1815/01",35
"1815/02",29
"1815/03",30
"1815/04",28
"1815/05",30
"1815/06",30
"1815/07",31
"1815/08",31
"1815/09",30
"1815/10",29
"1815/11",29
"1815/12",29
"1816/01",37
"1816/02",29
"1816/03",31
"1816/04",28
"1816/05",30
"1816/06",29
"1816/07",28
"1816/08",30
"1816/09",30
"1816/10",30
"1816/11",29
"1816/12",30
"1817/01",33
"1817/02",28
"1817/03",31
"1817/04",29
"1817/05",28
"1817/06",30
"1817/07",30
"1817/08",30
"1817/09",31
"1817/10",31
"1817/11",29
"1817/12",28
"1818/01",64
"1818/02",28
"1818/03",30
"1818/04",30
"1818/05",30
"1818/06",30
"1818/07",31
"1818/08",31
"1818/09",30
"1818/10",30
"1818/11",29
"1818/12",30
"1819/01",32
"1819/02",27
"1819/03",33
"1819/04",25
"1819/05",31
"1819/06",31
"1819/07",30
"1819/08",33
"1819/09",31
"1819/10",31
"1819/11",26
"1819/12",28
"1820/01",31
"1820/02",32
"1820/03",33
"1820/04",29
"1820/05",30
"1820/06",33
"1820/07",30
"1820/08",28
"1820/09",27
"1820/10",31
"1820/11",28
"1820/12",30
"1821/01",99
"1821/02",28
"1821/03",30
"1821/04",30
"1821/05",29
"1821/06",28
"1821/07",32
"1821/08",30
"1821/09",30
"1821/10",31
"1821/11",29
"1821/12",30
"1822/01",34
"1822/02",28
"1822/03",31
"1822/04",26
"1822/05",30
"1822/06",29
"1822/07",30
"1822/08",29
"1822/09",26
"1822/10",30
"1822/11",28
"1822/12",29
"1823/01",35
"1823/02",24
"1823/03",31
"1823/04",29
"1823/05",28
"1823/06",29
"1823/07",31
"1823/08",28
"1823/09",29
"1823/10",31
"1823/11",28
"1823/12",26
"1824/01",80
"1824/02",28
"1824/03",24
"1824/04",30
"1824/05",31
"1824/06",30
"1824/07",28
"1824/08",28
"1824/09",30
"1824/10",31
"1824/11",29
"1824/12",25
"1825/01",32
"1825/02",28
"1825/03",31
"1825/04",29
"1825/05",30
"1825/06",29
"1825/07",32
"1825/08",31
"1825/09",29
"1825/10",31
"1825/11",29
"1825/12",30
"1826/01",32
"1826/02",29
"1826/03",31
"1826/04",31
"1826/05",30
"1826/06",30
"1826/07",32
"1826/08",30
"1826/09",30
"1826/10",31
"1826/11",29
"1826/12",30
"1827/01",35
"1827/02",30
"1827/03",32
"1827/04",30
"1827/05",31
"1827/06",30
"1827/07",32
"1827/08",30
"1827/09",30
"1827/10",31
"1827/11",30
"1827/12",30
"1828/01",31
"1828/02",29
"1828/03",31
"1828/04",29
"1828/05",29
"1828/06",31
"1828/07",31
"1828/08",30
"1828/09",31
"1828/10",31
"1828/11",29
"1828/12",30
"1829/01",35
"1829/02",29
"1829/03",31
"1829/04",29
"1829/05",31
"1829/06",29
"1829/07",32
"1829/08",31
"1829/09",30
"1829/10",31
"1829/11",29
"1829/12",30
"1830/01",35
"1830/02",28
"1830/03",31
"1830/04",29
"1830/05",32
"1830/06",29
"1830/07",30
"1830/08",30
"1830/09",30
"1830/10",31
"1830/11",31
"1830/12",31
"1831/01",36
"1831/02",29
"1831/03",32
"1831/04",32
"1831/05",30
"1831/06",31
"1831/07",31
"1831/08",31
"1831/09",31
"1831/10",31
"1831/11",30
"1831/12",33
"1832/01",34
"1832/02",31
"1832/03",32
"1832/04",30
"1832/05",32
"1832/06",31
"1832/07",31
"1832/08",31
"1832/09",30
"1832/10",31
"1832/11",30
"1832/12",31
"1833/01",34
"1833/02",28
"1833/03",31
"1833/04",28
"1833/05",30
"1833/06",30
"1833/07",31
"1833/08",31
"1833/09",30
"1833/10",31
"1833/11",29
"1833/12",31
"1834/01",35
"1834/02",28
"1834/03",31
"1834/04",29
"1834/05",30
"1834/06",29
"1834/07",29
"1834/08",30
"1834/09",29
"1834/10",29
"1834/11",29
"1834/12",32
"1835/01",35
"1835/02",28
"1835/03",32
"1835/04",29
"1835/05",31
"1835/06",29
"1835/07",30
"1835/08",33
"1835/09",30
"1835/10",32
"1835/11",29
"1835/12",31
"1836/01",40
"1836/02",28
"1836/03",31
"1836/04",29
"1836/05",30
"1836/06",30
"1836/07",30
"1836/08",31
"1836/09",30
"1836/10",31
"1836/11",30
"1836/12",31
"1837/01",39
"1837/02",28
"1837/03",31
"1837/04",30
"1837/05",30
"1837/06",30
"1837/07",30
"1837/08",31
"1837/09",30
"1837/10",31
"1837/11",30
"1837/12",31
"1838/01",38
"1838/02",28
"1838/03",31
"1838/04",29
"1838/05",31
"1838/06",29
"1838/07",30
"1838/08",31
"1838/09",30
"1838/10",31
"1838/11",29
"1838/12",31
"1839/01",37
"1839/02",29
"1839/03",31
"1839/04",31
"1839/05",31
"1839/06",30
"1839/07",30
"1839/08",31
"1839/09",30
"1839/10",32
"1839/11",30
"1839/12",31
"1840/01",39
"1840/02",30
"1840/03",31
"1840/04",30
"1840/05",31
"1840/06",29
"1840/07",30
"1840/08",31
"1840/09",30
"1840/10",31
"1840/11",30
"1840/12",31
"1841/01",38
"1841/02",28
"1841/03",31
"1841/04",28
"1841/05",30
"1841/06",29
"1841/07",31
"1841/08",29
"1841/09",30
"1841/10",31
"1841/11",28
"1841/12",31
"1842/01",36
"1842/02",29
"1842/03",28
"1842/04",30
"1842/05",29
"1842/06",30
"1842/07",31
"1842/08",29
"1842/09",30
"1842/10",32
"1842/11",29
"1842/12",31
"1843/01",37
"1843/02",28
"1843/03",29
"1843/04",29
"1843/05",31
"1843/06",29
"1843/07",31
"1843/08",30
"1843/09",30
"1843/10",31
"1843/11",29
"1843/12",29
"1844/01",40
"1844/02",30
"1844/03",31
"1844/04",31
"1844/05",31
"1844/06",30
"1844/07",31
"1844/08",31
"1844/09",30
"1844/10",31
"1844/11",29
"1844/12",31
"1845/01",39
"1845/02",28
"1845/03",30
"1845/04",30
"1845/05",30
"1845/06",30
"1845/07",30
"1845/08",31
"1845/09",30
"1845/10",31
"1845/11",29
"1845/12",31
"1846/01",39
"1846/02",28
"1846/03",31
"1846/04",29
"1846/05",32
"1846/06",29
"1846/07",31
"1846/08",30
"1846/09",30
"1846/10",31
"1846/11",29
"1846/12",31
"1847/01",39
"1847/02",28
"1847/03",31
"1847/04",30
"1847/05",31
"1847/06",30
"1847/07",32
"1847/08",30
"1847/09",30
"1847/10",31
"1847/11",30
"1847/12",31
"1848/01",40
"1848/02",29
"1848/03",31
"1848/04",30
"1848/05",31
"1848/06",29
"1848/07",31
"1848/08",31
"1848/09",30
"1848/10",31
"1848/11",29
"1848/12",31
"1849/01",38
"1849/02",28
"1849/03",32
"1849/04",29
"1849/05",31
"1849/06",30
"1849/07",31
"1849/08",30
"1849/09",30
"1849/10",32
"1849/11",29
"1849/12",30
"1850/01",34
"1850/02",28
"1850/03",31
"1850/04",29
"1850/05",30
"1850/06",30
"1850/07",31
"1850/08",30
"1850/09",30
"1850/10",31
"1850/11",29
"1850/12",31
"1851/01",39
"1851/02",28
"1851/03",31
"1851/04",29
"1851/05",30
"1851/06",25
"1851/07",26
"1851/08",27
"1851/09",30
"1851/10",31
"1851/11",29
"1851/12",31
"1852/01",39
"1852/02",29
"1852/03",31
"1852/04",29
"1852/05",31
"1852/06",29
"1852/07",32
"1852/08",30
"1852/09",30
"1852/10",31
"1852/11",29
"1852/12",31
"1853/01",33
"1853/02",28
"1853/03",30
"1853/04",30
"1853/05",29
"1853/06",30
"1853/07",31
"1853/08",22
"1853/09",29
"1853/10",30
"1853/11",29
"1853/12",30
"1854/01",37
"1854/02",28
"1854/03",31
"1854/04",29
"1854/05",30
"1854/06",28
"1854/07",32
"1854/08",30
"1854/09",30
"1854/10",31
"1854/11",28
"1854/12",31
"1855/01",36
"1855/02",27
"1855/03",28
"1855/04",23
"1855/05",26
"1855/06",29
"1855/07",25
"1855/08",20
"1855/09",21
"1855/10",27
"1855/11",28
"1855/12",23
"1856/01",35
"1856/02",28
"1856/03",26
"1856/04",23
"1856/05",25
"1856/06",30
"1856/07",30
"1856/08",31
"1856/09",34
"1856/10",30
"1856/11",29
"1856/12",25
"1857/01",22
"1857/02",24
"1857/03",21
"1857/04",23
"1857/05",15
"1857/06",22
"1857/07",31
"1857/08",30
"1857/09",30
"1857/10",31
"1857/11",25
"1857/12",29
"1858/01",31
"1858/02",27
"1858/03",27
"1858/04",29
"1858/05",25
"1858/06",29
"1858/07",32
"1858/08",30
"1858/09",30
"1858/10",31
"1858/11",22
"1858/12",26
"1859/01",40
"1859/02",31
"1859/03",26
"1859/04",30
"1859/05",27
"1859/06",27
"1859/07",29
"1859/08",28
"1859/09",30
"1859/10",31
"1859/11",28
"1859/12",29
"1860/01",37
"1860/02",29
"1860/03",30
"1860/04",25
"1860/05",21
"1860/06",29
"1860/07",28
"1860/08",30
"1860/09",30
"1860/10",25
"1860/11",27
"1860/12",24
"1861/01",40
"1861/02",23
"1861/03",26
"1861/04",26
"1861/05",29
"1861/06",30
"1861/07",30
"1861/08",30
"1861/09",30
"1861/10",31
"1861/11",27
"1861/12",31
"1862/01",44
"1862/02",28
"1862/03",31
"1862/04",29
"1862/05",31
"1862/06",29
"1862/07",31
"1862/08",30
"1862/09",30
"1862/10",28
"1862/11",30
"1862/12",29
"1863/01",40
"1863/02",27
"1863/03",22
"1863/04",26
"1863/05",31
"1863/06",32
"1863/07",34
"1863/08",34
"1863/09",27
"1863/10",32
"1863/11",32
"1863/12",33
"1864/01",57
"1864/02",27
"1864/03",27
"1864/04",28
"1864/05",28
"1864/06",22
"1864/07",16
"1864/08",29
"1864/09",24
"1864/10",22
"1864/11",26
"1864/12",18
"1865/01",41
"1865/02",26
"1865/03",19
"1865/04",11
"1865/05",19
"1865/06",19
"1865/07",27
"1865/08",32
"1865/09",24
"1865/10",28
"1865/11",25
"1865/12",19
"1866/01",46
"1866/02",22
"1866/03",25
"1866/04",15
"1866/05",22
"1866/06",26
"1866/07",35
"1866/08",17
"1866/09",33
"1866/10",23
"1866/11",26
"1866/12",27
"1867/01",44
"1867/02",32
"1867/03",42
"1867/04",37
"1867/05",40
"1867/06",39
"1867/07",40
"1867/08",38
"1867/09",34
"1867/10",36
"1867/11",33
"1867/12",35
"1868/01",47
"1868/02",33
"1868/03",35
"1868/04",34
"1868/05",36
"1868/06",33
"1868/07",36
"1868/08",34
"1868/09",34
"1868/10",36
"1868/11",33
"1868/12",36
"1869/01",49
"1869/02",32
"1869/03",34
"1869/04",38
"1869/05",34
"1869/06",35
"1869/07",36
"1869/08",34
"1869/09",34
"1869/10",35
"1869/11",33
"1869/12",37
"1870/01",44
"1870/02",32
"1870/03",44
"1870/04",42
"1870/05",43
"1870/06",43
"1870/07",45
"1870/08",43
"1870/09",58
"1870/10",62
"1870/11",60
"1870/12",62
"1871/01",79
"1871/02",65
"1871/03",80
"1871/04",59
"1871/05",57
"1871/06",82
"1871/07",86
"1871/08",85
"1871/09",75
"1871/10",63
"1871/11",58
"1871/12",81
"1872/01",514
"1872/02",83
"1872/03",97
"1872/04",68
"1872/05",85
"1872/06",86
"1872/07",90
"1872/08",63
"1872/09",60
"1872/10",60
"1872/11",76
"1872/12",79
"1873/01",115
"1873/02",77
"1873/03",88
"1873/04",64
"1873/05",71
"1873/06",84
"1873/07",88
"1873/08",65
"1873/09",64
"1873/10",66
"1873/11",78
"1873/12",88
"1874/01",110
"1874/02",77
"1874/03",86
"1874/04",58
"1874/05",72
"1874/06",86
"1874/07",89
"1874/08",64
"1874/09",61
"1874/10",62
"1874/11",59
"1874/12",81
"1875/01",105
"1875/02",70
"1875/03",78
"1875/04",60
"1875/05",76
"1875/06",86
"1875/07",90
"1875/08",63
"1875/09",60
"1875/10",62
"1875/11",78
"1875/12",87
"1876/01",85
"1876/02",59
"1876/03",126
"1876/04",82
"1876/05",82
"1876/06",100
"1876/07",102
"1876/08",96
"1876/09",60
"1876/10",66
"1876/11",87
"1876/12",117
"1877/01",106
"1877/02",99
"1877/03",107
"1877/04",58
"1877/05",94
"1877/06",88
"1877/07",63
"1877/08",60
"1877/09",60
"1877/10",62
"1877/11",127
"1877/12",86
"1878/01",135
"1878/02",112
"1878/03",130
"1878/04",77
"1878/05",134
"1878/06",72
"1878/07",60
"1878/08",60
"1878/09",60
"1878/10",66
"1878/11",82
"1878/12",100
"1879/01",130
"1879/02",96
"1879/03",105
"1879/04",72
"1879/05",93
"1879/06",110
"1879/07",142
"1879/08",64
"1879/09",60
"1879/10",62
"1879/11",66
"1879/12",106
"1880/01",135
"1880/02",102
"1880/03",104
"1880/04",82
"1880/05",115
"1880/06",127
"1880/07",110
"1880/08",64
"1880/09",65
"1880/10",66
"1880/11",113
"1880/12",95
"1881/01",128
"1881/02",123
"1881/03",139
"1881/04",90
"1881/05",108
"1881/06",132
"1881/07",142
"1881/08",62
"1881/09",64
"1881/10",73
"1881/11",107
"1881/12",101
"1882/01",142
"1882/02",106
"1882/03",147
"1882/04",68
"1882/05",135
"1882/06",137
"1882/07",165
"1882/08",87
"1882/09",61
"1882/10",65
"1882/11",118
"1882/12",160
"1883/01",130
"1883/02",108
"1883/03",112
"1883/04",89
"1883/05",118
"1883/06",125
"1883/07",140
"1883/08",68
"1883/09",60
"1883/10",83
"1883/11",119
"1883/12",133
"1884/01",157
"1884/02",125
"1884/03",140
"1884/04",78
"1884/05",89
"1884/06",116
"1884/07",128
"1884/08",94
"1884/09",60
"1884/10",106
"1884/11",124
"1884/12",147
"1885/01",108
"1885/02",118
"1885/03",129
"1885/04",78
"1885/05",108
"1885/06",116
"1885/07",170
"1885/08",156
"1885/09",60
"1885/10",63
"1885/11",96
"1885/12",118
"1886/01",127
"1886/02",107
"1886/03",122
"1886/04",106
"1886/05",78
"1886/06",116
"1886/07",101
"1886/08",62
"1886/09",61
"1886/10",95
"1886/11",123
"1886/12",112
"1887/01",140
"1887/02",125
"1887/03",123
"1887/04",75
"1887/05",91
"1887/06",101
"1887/07",104
"1887/08",61
"1887/09",62
"1887/10",74
"1887/11",109
"1887/12",93
"1888/01",147
"1888/02",125
"1888/03",160
"1888/04",100
"1888/05",100
"1888/06",138
"1888/07",109
"1888/08",63
"1888/09",64
"1888/10",108
"1888/11",121
"1888/12",155
"1889/01",137
"1889/02",111
"1889/03",125
"1889/04",99
"1889/05",110
"1889/06",134
"1889/07",117
"1889/08",70
"1889/09",62
"1889/10",63
"1889/11",104
"1889/12",105
"1890/01",123
"1890/02",101
"1890/03",123
"1890/04",58
"1890/05",103
"1890/06",122
"1890/07",126
"1890/08",71
"1890/09",61
"1890/10",88
"1890/11",122
"1890/12",120
"1891/01",127
"1891/02",109
"1891/03",109
"1891/04",75
"1891/05",121
"1891/06",137
"1891/07",120
"1891/08",68
"1891/09",66
"1891/10",103
"1891/11",128
"1891/12",167
"1892/01",140
"1892/02",81
"1892/03",129
"1892/04",99
"1892/05",94
"1892/06",121
"1892/07",104
"1892/08",66
"1892/09",63
"1892/10",85
"1892/11",129
"1892/12",121
"1893/01",153
"1893/02",129
"1893/03",197
"1893/04",148
"1893/05",164
"1893/06",173
"1893/07",155
"1893/08",92
"1893/09",91
"1893/10",93
"1893/11",128
"1893/12",141
"1894/01",172
"1894/02",131
"1894/03",124
"1894/04",106
"1894/05",140
"1894/06",145
"1894/07",173
"1894/08",91
"1894/09",92
"1894/10",109
"1894/11",149
"1894/12",145
"1895/01",172
"1895/02",150
"1895/03",164
"1895/04",139
"1895/05",126
"1895/06",150
"1895/07",129
"1895/08",95
"1895/09",96
"1895/10",116
"1895/11",159
"1895/12",164
"1896/01",138
"1896/02",139
"1896/03",176
"1896/04",118
"1896/05",102
"1896/06",177
"1896/07",124
"1896/08",84
"1896/09",81
"1896/10",80
"1896/11",145
"1896/12",123
"1897/01",162
"1897/02",157
"1897/03",171
"1897/04",119
"1897/05",129
"1897/06",158
"1897/07",151
"1897/08",95
"1897/09",82
"1897/10",112
"1897/11",139
"1897/12",149
"1898/01",167
"1898/02",151
"1898/03",173
"1898/04",103
"1898/05",82
"1898/06",128
"1898/07",116
"1898/08",94
"1898/09",91
"1898/10",96
"1898/11",130
"1898/12",144
"1899/01",175
"1899/02",137
"1899/03",154
"1899/04",75
"1899/05",132
"1899/06",115
"1899/07",97
"1899/08",75
"1899/09",93
"1899/10",82
"1899/11",116
"1899/12",125
"1900/01",192
"1900/02",131
"1900/03",150
"1900/04",124
"1900/05",94
"1900/06",143
"1900/07",124
"1900/08",95
"1900/09",87
"1900/10",94
"1900/11",132
"1900/12",162
"1901/01",217
"1901/02",162
"1901/03",232
"1901/04",66
"1901/05",121
"1901/06",146
"1901/07",91
"1901/08",67
"1901/09",68
"1901/10",82
"1901/11",134
"1901/12",141
"1902/01",151
"1902/02",125
"1902/03",144
"1902/04",62
"1902/05",62
"1902/06",118
"1902/07",107
"1902/08",66
"1902/09",63
"1902/10",86
"1902/11",107
"1902/12",87
"1903/01",153
"1903/02",128
"1903/03",146
"1903/04",83
"1903/05",91
"1903/06",126
"1903/07",79
"1903/08",68
"1903/09",66
"1903/10",90
"1903/11",127
"1903/12",132
"1904/01",174
"1904/02",112
"1904/03",139
"1904/04",67
"1904/05",89
"1904/06",127
"1904/07",107
"1904/08",67
"1904/09",67
"1904/10",92
"1904/11",123
"1904/12",137
"1905/01",145
"1905/02",123
"1905/03",126
"1905/04",135
"1905/05",100
"1905/06",120
"1905/07",96
"1905/08",65
"1905/09",64
"1905/10",73
"1905/11",143
"1905/12",110
"1906/01",159
"1906/02",120
"1906/03",118
"1906/04",103
"1906/05",68
"1906/06",110
"1906/07",97
"1906/08",65
"1906/09",65
"1906/10",72
"1906/11",124
"1906/12",126
"1907/01",208
"1907/02",98
"1907/03",119
"1907/04",60
"1907/05",101
"1907/06",112
"1907/07",91
"1907/08",61
"1907/09",60
"1907/10",86
"1907/11",123
"1907/12",133
"1908/01",160
"1908/02",119
"1908/03",122
"1908/04",89
"1908/05",85
"1908/06",117
"1908/07",95
"1908/08",66
"1908/09",64
"1908/10",102
"1908/11",118
"1908/12",118
"1909/01",163
"1909/02",108
"1909/03",122
"1909/04",77
"1909/05",104
"1909/06",133
"1909/07",130
"1909/08",69
"1909/09",69
"1909/10",103
"1909/11",149
"1909/12",173
"1910/01",187
"1910/02",161
"1910/03",273
"1910/04",164
"1910/05",63
"1910/06",133
"1910/07",107
"1910/08",64
"1910/09",61
"1910/10",82
"1910/11",128
"1910/12",168
"1911/01",194
"1911/02",144
"1911/03",176
"1911/04",130
"1911/05",126
"1911/06",186
"1911/07",177
"1911/08",61
"1911/09",60
"1911/10",63
"1911/11",145
"1911/12",241
"1912/01",196
"1912/02",185
"1912/03",202
"1912/04",58
"1912/05",106
"1912/06",180
"1912/07",193
"1912/08",61
"1912/09",60
"1912/10",66
"1912/11",140
"1912/12",202
"1913/01",268
"1913/02",139
"1913/03",232
"1913/04",61
"1913/05",275
"1913/06",125
"1913/07",196
"1913/08",96
"1913/09",61
"1913/10",64
"1913/11",125
"1913/12",120
"1914/01",159
"1914/02",101
"1914/03",210
"1914/04",107
"1914/05",63
"1914/06",369
"1914/07",428
"1914/08",120
"1914/09",60
"1914/10",62
"1914/11",59
"1914/12",145
"1915/01",217
"1915/02",183
"1915/03",226
"1915/04",134
"1915/05",181
"1915/06",196
"1915/07",187
"1915/08",158
"1915/09",167
"1915/10",180
"1915/11",233
"1915/12",330
"1916/01",219
"1916/02",272
"1916/03",357
"1916/04",341
"1916/05",226
"1916/06",318
"1916/07",382
"1916/08",123
"1916/09",289
"1916/10",294
"1916/11",300
"1916/12",329
"1917/01",325
"1917/02",302
"1917/03",418
"1917/04",217
"1917/05",240
"1917/06",372
"1917/07",432
"1917/08",207
"1917/09",224
"1917/10",268
"1917/11",308
"1917/12",427
"1918/01",297
"1918/02",260
"1918/03",375
"1918/04",214
"1918/05",272
"1918/06",298
"1918/07",310
"1918/08",160
"1918/09",266
"1918/10",307
"1918/11",438
"1918/12",431
"1919/01",325
"1919/02",341
"1919/03",439
"1919/04",397
"1919/05",333
"1919/06",454
"1919/07",451
"1919/08",355
"1919/09",467
"1919/10",679
"1919/11",100
"1919/12",154
"1920/01",205
"1920/02",213
"1920/03",243
"1920/04",224
"1920/05",162
"1920/06",268
"1920/07",359
"1920/08",111
"1920/09",119
"1920/10",114
"1920/11",190
"1920/12",297
"1921/01",209
"1921/02",221
"1921/03",298
"1921/04",338
"1921/05",185
"1921/06",301
"1921/07",301
"1921/08",112
"1921/09",123
"1921/10",164
"1921/11",231
"1921/12",376
"1922/01",239
"1922/02",244
"1922/03",351
"1922/04",187
"1922/05",140
"1922/06",308
"1922/07",243
"1922/08",139
"1922/09",106
"1922/10",198
"1922/11",253
"1922/12",342
"1923/01",284
"1923/02",244
"1923/03",383
"1923/04",115
"1923/05",245
"1923/06",333
"1923/07",306
"1923/08",109
"1923/09",107
"1923/10",110
"1923/11",177
"1923/12",330
"1924/01",281
"1924/02",231
"1924/03",295
"1924/04",335
"1924/05",102
"1924/06",210
"1924/07",204
"1924/08",152
"1924/09",95
"1924/10",97
"1924/11",207
"1924/12",260
"1925/01",241
"1925/02",217
"1925/03",246
"1925/04",203
"1925/05",140
"1925/06",236
"1925/07",237
"1925/08",101
"1925/09",95
"1925/10",109
"1925/11",167
"1925/12",311
"1926/01",290
"1926/02",211
"1926/03",251
"1926/04",224
"1926/05",106
"1926/06",237
"1926/07",242
"1926/08",228
"1926/09",96
"1926/10",98
"1926/11",188
"1926/12",226
"1927/01",225
"1927/02",195
"1927/03",266
"1927/04",164
"1927/05",163
"1927/06",235
"1927/07",288
"1927/08",95
"1927/09",94
"1927/10",99
"1927/11",204
"1927/12",328
"1928/01",240
"1928/02",310
"1928/03",441
"1928/04",90
"1928/05",99
"1928/06",255
"1928/07",193
"1928/08",98
"1928/09",95
"1928/10",96
"1928/11",165
"1928/12",292
"1929/01",267
"1929/02",215
"1929/03",337
"1929/04",91
"1929/05",123
"1929/06",218
"1929/07",349
"1929/08",98
"1929/09",96
"1929/10",117
"1929/11",185
"1929/12",335
"1930/01",234
"1930/02",191
"1930/03",286
"1930/04",310
"1930/05",100
"1930/06",172
"1930/07",213
"1930/08",94
"1930/09",99
"1930/10",98
"1930/11",202
"1930/12",178
"1931/01",242
"1931/02",254
"1931/03",473
"1931/04",99
"1931/05",178
"1931/06",333
"1931/07",189
"1931/08",98
"1931/09",98
"1931/10",100
"1931/11",189
"1931/12",310
"1932/01",184
"1932/02",149
"1932/03",175
"1932/04",98
"1932/05",94
"1932/06",141
"1932/07",119
"1932/08",97
"1932/09",103
"1932/10",107
"1932/11",130
"1932/12",140
"1933/01",209
"1933/02",144
"1933/03",149
"1933/04",122
"1933/05",150
"1933/06",149
"1933/07",124
"1933/08",94
"1933/09",98
"1933/10",111
"1933/11",124
"1933/12",141
"1934/01",192
"1934/02",126
"1934/03",133
"1934/04",94
"1934/05",115
"1934/06",159
"1934/07",112
"1934/08",98
"1934/09",93
"1934/10",97
"1934/11",135
"1934/12",152
"1935/01",182
"1935/02",133
"1935/03",144
"1935/04",98
"1935/05",104
"1935/06",127
"1935/07",97
"1935/08",91
"1935/09",91
"1935/10",96
"1935/11",94
"1935/12",132
"1936/01",207
"1936/02",124
"1936/03",122
"1936/04",95
"1936/05",95
"1936/06",148
"1936/07",147
"1936/08",132
"1936/09",105
"1936/10",101
"1936/11",113
"1936/12",159
"1937/01",197
"1937/02",132
"1937/03",143
"1937/04",103
"1937/05",113
"1937/06",146
"1937/07",109
"1937/08",91
"1937/09",95
"1937/10",97
"1937/11",112
"1937/12",158
"1938/01",173
"1938/02",105
"1938/03",107
"1938/04",85
"1938/05",88
"1938/06",112
"1938/07",86
"1938/08",84
"1938/09",87
"1938/10",97
"1938/11",86
"1938/12",144
"1939/01",169
"1939/02",119
"1939/03",144
"1939/04",83
"1939/05",102
"1939/06",126
"1939/07",88
"1939/08",84
"1939/09",95
"1939/10",93
"1939/11",95
"1939/12",127
"1940/01",127
"1940/02",120
"1940/03",130
"1940/04",113
"1940/05",82
"1940/06",39
"1940/07",51
"1940/08",57
"1940/09",59
"1940/10",62
"1940/11",59
"1940/12",62
"1941/01",65
"1941/02",55
"1941/03",62
"1941/04",59
"1941/05",60
"1941/06",60
"1941/07",64
"1941/08",62
"1941/09",59
"1941/10",58
"1941/11",56
"1941/12",57
"1942/01",60
"1942/02",51
"1942/03",58
"1942/04",54
"1942/05",57
"1942/06",56
"1942/07",58
"1942/08",56
"1942/09",57
"1942/10",58
"1942/11",53
"1942/12",57
"1943/01",56
"1943/02",52
"1943/03",56
"1943/04",56
"1943/05",58
"1943/06",56
"1943/07",64
"1943/08",64
"1943/09",64
"1943/10",66
"1943/11",72
"1943/12",61
"1944/01",79
"1944/02",55
"1944/03",75
"1944/04",59
"1944/05",62
"1944/06",63
"1944/07",72
"1944/08",50
"1944/09",24
"1944/10",56
"1944/11",47
"1944/12",51
"1945/01",30
"1945/02",37
"1945/03",62
"1945/04",27
"1945/05",26
"1945/06",52
"1945/07",54
"1945/08",34
"1945/09",26
"1945/10",26
"1945/11",11
"1945/12",41
"1946/01",42
"1946/02",34
"1946/03",19
"1946/04",44
"1946/05",25
"1946/06",26
"1946/07",1
"1946/08",20
"1946/09",1
"1946/10",27
"1946/11",1
"1946/12",1
"1947/01",9
"1947/02",24
"1947/03",24
"1947/04",20
"1947/05",25
"1947/06",22
"1947/07",26
"1947/08",25
"1947/09",22
"1947/10",28
"1947/11",23
"1947/12",24
"1948/01",4
"1948/02",19
"1948/03",26
"1948/04",27
"1948/05",21
"1948/06",16
"1948/07",28
"1948/08",24
"1948/09",26
"1948/10",26
"1948/11",23
"1948/12",26
"1949/01",59
"1949/02",49
"1949/03",54
"1949/04",50
"1949/05",52
"1949/06",51
"1949/07",52
"1949/08",48
"1949/09",47
"1949/10",60
"1949/11",60
"1949/12",74
"1950/01",61
"1950/02",50
"1950/03",49
"1950/04",38
"1950/05",42
"1950/06",45
"1950/07",51
"1950/08",51
"1950/09",48
"1950/10",52
"1950/11",47
"1950/12",72
"1951/01",19
"1951/02",14
"1951/03",0
"1951/04",0
"1951/05",0
"1951/06",0
"1951/07",1
"1951/08",0
"1951/09",0
"1951/10",0
"1951/11",0
"1951/12",1
"1952/01",5
"1952/02",0
"1952/03",1
"1952/04",0
"1952/05",0
"1952/06",0
"1952/07",0
"1952/08",0
"1952/09",0
"1952/10",1
"1952/11",0
"1952/12",0
"1953/01",6
"1953/02",0
"1953/03",0
"1953/04",0
"1953/05",0
"1953/06",0
"1953/07",1
"1953/08",0
"1953/09",0
"1953/10",0
"1953/11",0
"1953/12",1
"1954/01",5
"1954/02",0
"1954/03",0
"1954/04",1
"1954/05",0
"1954/06",0
"1954/07",0
"1954/08",5
"1954/09",0
"1954/10",3
"1954/11",18
"1954/12",25
"1955/01",13
"1955/02",0
"1955/03",0
"1955/04",0
"1955/05",0
"1955/06",7
"1955/07",16
"1955/08",2
"1955/09",0
"1955/10",17
"1955/11",14
"1955/12",0
"1956/01",6
"1956/02",0
"1956/03",1
"1956/04",0
"1956/05",0
"1956/06",1
"1956/07",0
"1956/08",0
"1956/09",0
"1956/10",0
"1956/11",11
"1956/12",21
"1957/01",16
"1957/02",16
"1957/03",16
"1957/04",7
"1957/05",7
"1957/06",2
"1957/07",0
"1957/08",0
"1957/09",0
"1957/10",0
"1957/11",1
"1957/12",0
"1958/01",5
"1958/02",8
"1958/03",17
"1958/04",1
"1958/05",9
"1958/06",6
"1958/07",3
"1958/08",0
"1958/09",1
"1958/10",0
"1958/11",0
"1958/12",0
"1959/01",5
"1959/02",0
"1959/03",0
"1959/04",0
"1959/05",0
"1959/06",0
"1959/07",0
"1959/08",0
"1959/09",0
"1959/10",0
"1959/11",0
"1959/12",0
"1960/01",5
"1960/02",0
"1960/03",0
"1960/04",0
"1960/05",0
"1960/06",0
"1960/07",0
"1960/08",0
"1960/09",0
"1960/10",0
"1960/11",0
"1960/12",0
"1961/01",5
"1961/02",0
"1961/03",0
"1961/04",0
"1961/05",0
"1961/06",0
"1961/07",0
"1961/08",0
"1961/09",0
"1961/10",0
"1961/11",0
"1961/12",0
"1962/01",5
"1962/02",0
"1962/03",0
"1962/04",0
"1962/05",0
"1962/06",0
"1962/07",0
"1962/08",0
"1962/09",0
"1962/10",0
"1962/11",0
"1962/12",0
"1963/01",5
"1963/02",0
"1963/03",0
"1963/04",0
"1963/05",0
"1963/06",0
"1963/07",0
"1963/08",0
"1963/09",0
"1963/10",0
"1963/11",0
"1963/12",0
"1964/01",5
"1964/02",0
"1964/03",0
"1964/04",0
"1964/05",0
"1964/06",0
"1964/07",0
"1964/08",0
"1964/09",0
"1964/10",0
"1964/11",0
"1964/12",0
"1965/01",5
"1965/02",0
"1965/03",0
"1965/04",0
"1965/05",0
"1965/06",0
"1965/07",0
"1965/08",0
"1965/09",0
"1965/10",0
"1965/11",0
"1965/12",0
"1966/01",5
"1966/02",0
"1966/03",0
"1966/04",0
"1966/05",0
"1966/06",0
"1966/07",0
"1966/08",0
"1966/09",0
"1966/10",0
"1966/11",0
"1966/12",0
"1967/01",5
"1967/02",0
"1967/03",0
"1967/04",0
"1967/05",0
"1967/06",0
"1967/07",0
"1967/08",0
"1967/09",0
"1967/10",0
"1967/11",0
"1967/12",0
"1968/01",4
"1968/02",0
"1968/03",0
"1968/04",0
"1968/05",0
"1968/06",0
"1968/07",0
"1968/08",0
"1968/09",0
"1968/10",0
"1968/11",0
"1968/12",0
"1969/01",4
"1969/02",0
"1969/03",0
"1969/04",0
"1969/05",0
"1969/06",0
"1969/07",0
"1969/08",0
"1969/09",0
"1969/10",0
"1969/11",0
"1969/12",0
"1970/01",4
"1970/02",0
"1970/03",0
"1970/04",0
"1970/05",0
"1970/06",0
"1970/07",0
"1970/08",0
"1970/09",0
"1970/10",0
"1970/11",0
"1970/12",0
"1971/01",4
"1971/02",0
"1971/03",0
"1971/04",0
"1971/05",0
"1971/06",0
"1971/07",0
"1971/08",0
"1971/09",0
"1971/10",0
"1971/11",0
"1971/12",0
"1972/01",8
"1972/02",4
"1972/03",5
"1972/04",4
"1972/05",5
"1972/06",4
"1972/07",4
"1972/08",1
"1972/09",4
"1972/10",4
"1972/11",5
"1972/12",4
"1973/01",8
"1973/02",4
"1973/03",4
"1973/04",4
"1973/05",5
"1973/06",4
"1973/07",4
"1973/08",1
"1973/09",5
"1973/10",5
"1973/11",4
"1973/12",3
"1974/01",10
"1974/02",4
"1974/03",4
"1974/04",4
"1974/05",6
"1974/06",5
"1974/07",4
"1974/08",1
"1974/09",4
"1974/10",6
"1974/11",4
"1974/12",4
"1975/01",13
"1975/02",4
"1975/03",3
"1975/04",5
"1975/05",4
"1975/06",4
"1975/07",4
"1975/08",1
"1975/09",4
"1975/10",5
"1975/11",4
"1975/12",5
"1976/01",9
"1976/02",4
"1976/03",5
"1976/04",4
"1976/05",4
"1976/06",4
"1976/07",4
"1976/08",0
"1976/09",5
"1976/10",4
"1976/11",4
"1976/12",5
"1977/01",10
"1977/02",4
"1977/03",5
"1977/04",3
"1977/05",4
"1977/06",5
"1977/07",4
"1977/08",1
"1977/09",4
"1977/10",4
"1977/11",5
"1977/12",4
"1978/01",10
"1978/02",4
"1978/03",5
"1978/04",4
"1978/05",5
"1978/06",4
"1978/07",4
"1978/08",1
"1978/09",4
"1978/10",4
"1978/11",5
"1978/12",4
"1979/01",13
"1979/02",4
"1979/03",4
"1979/04",4
"1979/05",5
"1979/06",4
"1979/07",3
"1979/08",0
"1979/09",0
"1979/10",0
"1979/11",0
"1979/12",1
"1980/01",6
"1980/02",0
"1980/03",0
"1980/04",0
"1980/05",0
"1980/06",0
"1980/07",0
"1980/08",0
"1980/09",0
"1980/10",0
"1980/11",0
"1980/12",0
"1981/01",7
"1981/02",0
"1981/03",0
"1981/04",0
"1981/05",0
"1981/06",0
"1981/07",0
"1981/08",0
"1981/09",0
"1981/10",0
"1981/11",0
"1981/12",0
"1982/01",6
"1982/02",0
"1982/03",0
"1982/04",0
"1982/05",0
"1982/06",0
"1982/07",0
"1982/08",0
"1982/09",0
"1982/10",0
"1982/11",0
"1982/12",0
"1983/01",6
"1983/02",0
"1983/03",0
"1983/04",0
"1983/05",0
"1983/06",0
"1983/07",0
"1983/08",0
"1983/09",0
"1983/10",0
"1983/11",0
"1983/12",0
"1984/01",6
"1984/02",0
"1984/03",0
"1984/04",0
"1984/05",0
"1984/06",0
"1984/07",0
"1984/08",0
"1984/09",0
"1984/10",0
"1984/11",0
"1984/12",0
"1985/01",5
"1985/02",0
"1985/03",0
"1985/04",0
"1985/05",0
"1985/06",0
"1985/07",0
"1985/08",0
"1985/09",0
"1985/10",0
"1985/11",0
"1985/12",0
"1986/01",2
"1986/02",0
"1986/03",0
"1986/04",0
"1986/05",0
"1986/06",0
"1986/07",0
"1986/08",0
"1986/09",0
"1986/10",0
"1986/11",0
"1986/12",0
"1987/01",6
"1987/02",0
"1987/03",0
"1987/04",0
"1987/05",0
"1987/06",0
"1987/07",0
"1987/08",0
"1987/09",0
"1987/10",0
"1987/11",0
"1987/12",0
"1988/01",6
"1988/02",0
"1988/03",0
"1988/04",0
"1988/05",0
"1988/06",0
"1988/07",0
"1988/08",0
"1988/09",0
"1988/10",0
"1988/11",0
"1988/12",0
"1989/01",5
"1989/02",0
"1989/03",0
"1989/04",0
"1989/05",0
"1989/06",0
"1989/07",0
"1989/08",0
"1989/09",0
"1989/10",0
"1989/11",0
"1989/12",0
"1990/01",1
"1990/02",0
"1990/03",0
"1990/04",0
"1990/05",0
"1990/06",0
"1990/07",0
"1990/08",0
"1990/09",0
"1990/10",0
"1990/11",0
"1990/12",0
"1991/01",1
"1991/02",0
"1991/03",0
"1991/04",0
"1991/05",0
"1991/06",0
"1991/07",0
"1991/08",0
"1991/09",0
"1991/10",0
"1991/11",0
"1991/12",0
"1992/01",0
"1992/02",0
"1992/03",0
"1992/04",0
"1992/05",0
"1992/06",0
"1992/07",0
"1992/08",0
"1992/09",0
"1992/10",0
"1992/11",0
"1992/12",0
"1993/01",1
"1993/02",0
"1993/03",0
"1993/04",0
"1993/05",0
"1993/06",0
"1993/07",0
"1993/08",0
"1993/09",0
"1993/10",0
"1993/11",0
"1993/12",0
"1994/01",1
"1994/02",0
"1994/03",0
"1994/04",0
"1994/05",0
"1994/06",0
"1994/07",0
"1994/08",0
"1994/09",0
"1994/10",0
"1994/11",0
"1994/12",0
"1995/01",2
"1995/02",0
"1995/03",0
"1995/04",0
"1995/05",0
"1995/06",0
"1995/07",0
"1995/08",0
"1995/09",0
"1995/10",0
"1995/11",0
"1995/12",0
"1996/01",2
"1996/02",0
"1996/03",0
"1996/04",0
"1996/05",0
"1996/06",0
"1996/07",0
"1996/08",0
"1996/09",0
"1996/10",0
"1996/11",0
"1996/12",0
"1997/01",2
"1997/02",0
"1997/03",0
"1997/04",0
"1997/05",0
"1997/06",0
"1997/07",0
"1997/08",0
"1997/09",0
"1997/10",0
"1997/11",0
"1997/12",0
"1998/01",0
"1998/02",0
"1998/03",0
"1998/04",0
"1998/05",0
"1998/06",0
"1998/07",0
"1998/08",0
"1998/09",0
"1998/10",0
"1998/11",0
"1998/12",0
"1999/01",2
"1999/02",0
"1999/03",0
"1999/04",0
"1999/05",0
"1999/06",0
"1999/07",0
"1999/08",0
"1999/09",0
"1999/10",0
"1999/11",0
"1999/12",0
"2000/01",1
"2000/02",0
"2000/03",0
"2000/04",0
"2000/05",0
"2000/06",0
"2000/07",0
"2000/08",0
"2000/09",0
"2000/10",0
"2000/11",0
"2000/12",0
"2001/01",2
"2001/02",0
"2001/03",0
"2001/04",0
"2001/05",0
"2001/06",0
"2001/07",0
"2001/08",0
"2001/09",0
"2001/10",0
"2001/11",0
"2001/12",0
"2002/01",2
"2002/02",0
"2002/03",0
"2002/04",0
"2002/05",0
"2002/06",0
"2002/07",0
"2002/08",0
"2002/09",0
"2002/10",0
"2002/11",0
"2002/12",0
"2003/01",1
"2003/02",0
"2003/03",0
"2003/04",0
"2003/05",0
"2003/06",0
"2003/07",0
"2003/08",0
"2003/09",0
"2003/10",0
"2003/11",0
"2003/12",0
"2004/01",2
"2004/02",0
"2004/03",0
"2004/04",0
"2004/05",0
"2004/06",0
"2004/07",0
"2004/08",0
"2004/09",0
"2004/10",0
"2004/11",0
"2004/12",0
"2005/01",2
"2005/02",0
"2005/03",0
"2005/04",0
"2005/05",0
"2005/06",0
"2005/07",0
"2005/08",0
"2005/09",0
"2005/10",0
"2005/11",0
"2005/12",0
"2006/01",2
"2006/02",0
"2006/03",0
"2006/04",0
"2006/05",0
"2006/06",0
"2006/07",0
"2006/08",0
"2006/09",0
"2006/10",0
"2006/11",0
"2006/12",0
"2007/01",1
"2007/02",0
"2007/03",0
"2007/04",0
"2007/05",0
"2007/06",0
"2007/07",0
"2007/08",0
"2007/09",0
"2007/10",0
"2007/11",0
"2007/12",0
"2008/01",2
"2008/02",0
"2008/03",0
"2008/04",0
"2008/05",0
"2008/06",0
"2008/07",0
"2008/08",0
"2008/09",0
"2008/10",0
"2008/11",0
"2008/12",0
"2009/01",2
"2009/02",0
"2009/03",0
"2009/04",0
"2009/05",0
"2009/06",0
"2009/07",0
"2009/08",0
"2009/09",0
"2009/10",0
"2009/11",0
"2009/12",0
"2010/01",2
"2010/02",0
"2010/03",0
"2010/04",0
"2010/05",0
"2010/06",0
"2010/07",0
"2010/08",0
"2010/09",0
"2010/10",0
"2010/11",0
"2010/12",0
"2011/01",1
"2011/02",0
"2011/03",0
"2011/04",0
"2011/05",0
"2011/06",0
"2011/07",0
"2011/08",0
"2011/09",0
"2011/10",0
"2011/11",0
"2011/12",0
"2012/01",3
"2012/02",0
"2012/03",0
"2012/04",0
"2012/05",0
"2012/06",0
"2012/07",0
"2012/08",0
"2012/09",0
"2012/10",0
"2012/11",0
"2012/12",0
"2013/01",0
"2013/02",0
"2013/03",0
"2013/04",0
"2013/05",0
"2013/06",0
"2013/07",0
"2013/08",0
"2013/09",0
"2013/10",0
"2013/11",0
"2013/12",0
"2014/01",0
"2014/02",0
"2014/03",0
"2014/04",0
"2014/05",0
"2014/06",0
"2014/07",0
"2014/08",0
"2014/09",0
"2014/10",0
"2014/11",0
"2014/12",0
"2015/01",0
"2015/02",0
"2015/03",0
"2015/04",0
"2015/05",0
"2015/06",0
"2015/07",0
"2015/08",0
"2015/09",0
"2015/10",0
"2015/11",0
"2015/12",0
"2016/01",0
"2016/02",0
"2016/03",0
"2016/04",0
"2016/05",0
"2016/06",0
"2016/07",0
"2016/08",0
"2016/09",0
"2016/10",0
"2016/11",0
"2016/12",0
"2017/01",0
"2017/02",0
"2017/03",0
"2017/04",0
"2017/05",0
"2017/06",0
"2017/07",0
"2017/08",0
"2017/09",0
"2017/10",0
"2017/11",0
"2017/12",0
"2018/01",0
"2018/02",0
"2018/03",0
"2018/04",0
"2018/05",0
"2018/06",0
"2018/07",0
"2018/08",0
"2018/09",0
"2018/10",0
"2018/11",0
"2018/12",0
"2019/01",0
"2019/02",0
"2019/03",0
"2019/04",0
"2019/05",0
"2019/06",0
"2019/07",0
"2019/08",0
"2019/09",0
"2019/10",0
"2019/11",0
"2019/12",0
"2020/01",0
"2020/02",0
"2020/03",0
"2020/04",0
"2020/05",0
"2020/06",0
"2020/07",0
"2020/08",0
"2020/09",0
"2020/10",0
"2020/11",0
"2020/12",0
"2021/01",0
"2021/02",0
"2021/03",0
"2021/04",0
"2021/05",0
"2021/06",0
"2021/07",0
"2021/08",0
"2021/09",0
"2021/10",0
"2021/11",0
"2021/12",0
